-- phpMyAdmin SQL Dump
-- version 4.8.3
-- https://www.phpmyadmin.net/
--
-- Host: 127.0.0.1:3306
-- Generation Time: Jan 15, 2019 at 08:25 AM
-- Server version: 5.7.23
-- PHP Version: 7.3.0

SET SQL_MODE = "NO_AUTO_VALUE_ON_ZERO";
SET AUTOCOMMIT = 0;
START TRANSACTION;
SET time_zone = "+00:00";


/*!40101 SET @OLD_CHARACTER_SET_CLIENT=@@CHARACTER_SET_CLIENT */;
/*!40101 SET @OLD_CHARACTER_SET_RESULTS=@@CHARACTER_SET_RESULTS */;
/*!40101 SET @OLD_COLLATION_CONNECTION=@@COLLATION_CONNECTION */;
/*!40101 SET NAMES utf8mb4 */;

--
-- Database: `speakup`
--
CREATE DATABASE IF NOT EXISTS `speakup` DEFAULT CHARACTER SET latin1 COLLATE latin1_swedish_ci;
USE `speakup`;

-- --------------------------------------------------------

--
-- Table structure for table `blacklisted_ips`
--

DROP TABLE IF EXISTS `blacklisted_ips`;
CREATE TABLE IF NOT EXISTS `blacklisted_ips` (
  `id` int(7) NOT NULL AUTO_INCREMENT,
  `ip` varchar(20) NOT NULL,
  `blacklist_time` bigint(20) NOT NULL,
  PRIMARY KEY (`id`)
) ENGINE=InnoDB DEFAULT CHARSET=latin1;

-- --------------------------------------------------------

--
-- Table structure for table `normal_post_table`
--

DROP TABLE IF EXISTS `normal_post_table`;
CREATE TABLE IF NOT EXISTS `normal_post_table` (
  `id` int(16) NOT NULL AUTO_INCREMENT,
  `post_id` int(15) NOT NULL,
  `filename` varchar(100) NOT NULL,
  PRIMARY KEY (`id`)
) ENGINE=InnoDB AUTO_INCREMENT=853 DEFAULT CHARSET=latin1;

--
-- Dumping data for table `normal_post_table`
--

INSERT INTO `normal_post_table` (`id`, `post_id`, `filename`) VALUES
(1, 15, 'images//5c191858eeb605.57868280.jpg'),
(2, 15, 'images//5c19185a9b4714.14310129.jpg'),
(3, 15, 'images//5c19185ae60199.27235678.png'),
(4, 15, 'images//5c19185b2f7630.22277555.jpg'),
(5, 15, 'images//5c19185b533591.19170920.png'),
(6, 15, 'images//5c19185b6a1880.96010747.png'),
(7, 15, 'images//5c19185b8f46d8.01612173.png'),
(8, 15, 'images//5c19185bb41ae0.87219482.png'),
(9, 15, 'images//5c19185be292d4.92501932.png'),
(10, 15, 'images//5c19185c122e61.47384914.png'),
(11, 16, 'images//5c191b3ace0af8.86816334.jpg'),
(12, 16, 'images//5c191b3b72bc72.38328033.jpg'),
(13, 16, 'images//5c191b3bd11270.29644140.jpg'),
(14, 16, 'images//5c191b3c0de273.45116440.png'),
(15, 16, 'images//5c191b3c3760b4.39340067.png'),
(16, 17, 'images//5c191b687ad8c6.81402358.jpg'),
(17, 17, 'images//5c191b68950726.05545653.jpg'),
(18, 17, 'images//5c191b691b44d6.25988671.png'),
(19, 17, 'images//5c191b6943ba10.34360057.jpg'),
(20, 17, 'images//5c191b69838d54.03189980.png'),
(21, 17, 'images//5c191b69ad00e0.26227202.png'),
(22, 18, 'images//5c191bd23d5d57.18942773.jpg'),
(23, 18, 'images//5c191bd256bb54.22838881.jpg'),
(24, 18, 'images//5c191bd2a9f811.60556958.png'),
(25, 18, 'images//5c191bd2d53355.56145663.jpg'),
(26, 18, 'images//5c191bd30c7801.10539847.png'),
(27, 18, 'images//5c191bd3408780.93015968.png'),
(28, 19, 'images//5c195d7ad0b5a0.05830011.jpg'),
(29, 19, 'images//5c195d7af28603.46005958.jpg'),
(30, 19, 'images//5c195d7b7ae460.51434585.png'),
(31, 19, 'images//5c195d7bb3b9c8.36464636.png'),
(32, 19, 'images//5c195d7bd6f0a5.88215943.png'),
(33, 19, 'images//5c195d7c075757.03507071.png'),
(34, 19, 'images//5c195d7c3202a5.97195778.png'),
(35, 20, 'images//5c195e06ef1605.09240734.jpg'),
(36, 20, 'images//5c195e070974b3.51799708.jpg'),
(37, 20, 'images//5c195e07733d29.49640639.png'),
(38, 20, 'images//5c195e07af82c4.52933104.jpg'),
(39, 20, 'images//5c195e07d4c814.66499390.png'),
(40, 20, 'images//5c195e0803b2f2.80078261.png'),
(41, 21, 'images//5c197aeb241aa3.36313084.jpg'),
(42, 21, 'images//5c197aeb3a7322.31708673.jpg'),
(43, 21, 'images//5c197aeb925965.18735895.png'),
(44, 21, 'images//5c197aebbcae84.17586374.jpg'),
(45, 21, 'images//5c197aebe79f04.29447596.png'),
(46, 21, 'images//5c197aec24d5c9.66490933.png'),
(47, 22, 'images//5c197b7c0abe98.53203901.jpg'),
(48, 22, 'images//5c197b7c47b496.42550751.jpg'),
(49, 22, 'images//5c197b7d631c30.71206885.png'),
(50, 22, 'images//5c197b7db323a2.45336952.jpg'),
(51, 22, 'images//5c197b7e083d79.50748846.png'),
(52, 22, 'images//5c197b7e588fb7.22755738.png'),
(53, 22, 'images//5c197b7eadfcd7.18978884.png'),
(54, 22, 'images//5c197b7eef7dc2.14730279.png'),
(55, 23, 'images//5c197bf6b889a5.61377577.jpg'),
(56, 23, 'images//5c197bf6d22683.96882064.jpg'),
(57, 23, 'images//5c197bf7c459d8.19495768.png'),
(58, 23, 'images//5c197bf8245e61.83829538.jpg'),
(59, 23, 'images//5c197bf86efb34.72409075.png'),
(60, 23, 'images//5c197bf8b6a419.90954310.png'),
(61, 23, 'images//5c197bf8f27d90.00981820.png'),
(62, 24, 'images//5c197c4fc90439.81568965.jpg'),
(63, 24, 'images//5c197c4fe58c78.42462557.jpg'),
(64, 24, 'images//5c197c50819a30.35809483.png'),
(65, 24, 'images//5c197c50c70df3.14525898.jpg'),
(66, 24, 'images//5c197c511c5137.97572933.png'),
(67, 24, 'images//5c197c5158dd47.91002119.png'),
(68, 24, 'images//5c197c51865e88.98087542.png'),
(69, 24, 'images//5c197c51c24154.66577967.png'),
(70, 25, 'images//5c1987ebe45a94.57362588.jpg'),
(71, 25, 'images//5c1987ec25a938.79273960.jpg'),
(72, 25, 'images//5c1987ed392e34.64216009.png'),
(73, 25, 'images//5c1987eda5fec9.74199015.jpg'),
(74, 25, 'images//5c1987edf3acb8.07544450.png'),
(75, 25, 'images//5c1987ee477665.43106368.png'),
(76, 26, 'images//5c19fa37e4e151.66592026.jpg'),
(77, 26, 'images//5c19fa381056e7.55378592.jpg'),
(78, 26, 'images//5c19fa38947546.89068911.jpg'),
(79, 26, 'images//5c19fa38bcf962.45825831.png'),
(80, 26, 'images//5c19fa38e63af9.81870196.png'),
(81, 26, 'images//5c19fa391474e8.92961122.png'),
(82, 26, 'images//5c19fa3939a092.80235877.png'),
(83, 27, 'images//5c19fafb047780.35827062.jpg'),
(84, 27, 'images//5c19fafb10e928.69914522.jpg'),
(85, 27, 'images//5c19fafb6c5a22.27031724.png'),
(86, 28, 'images//5c1a00fc062d99.71641588.jpg'),
(87, 28, 'images//5c1a00fc33bda9.00320722.jpg'),
(88, 28, 'images//5c1a00fcd21435.62904646.png'),
(89, 28, 'images//5c1a00fd3600f4.66898258.jpg'),
(90, 28, 'images//5c1a00fd6c54b8.40345505.png'),
(91, 28, 'images//5c1a00fda383f1.24362690.png'),
(92, 29, 'images//5c1a01dcd6b516.06170300.jpg'),
(93, 29, 'images//5c1a01dcece368.50237632.jpg'),
(94, 29, 'images//5c1a01dd6c2951.50787775.png'),
(95, 29, 'images//5c1a01dda59c18.02899076.png'),
(96, 29, 'images//5c1a01ddd188c0.26914064.png'),
(97, 30, 'images//5c1a038947e956.11672209.jpg'),
(98, 30, 'images//5c1a03895d41e3.83795307.jpg'),
(99, 30, 'images//5c1a0389cac481.51367954.png'),
(100, 30, 'images//5c1a038a0516e8.69254588.jpg'),
(101, 30, 'images//5c1a038a337625.12175403.png'),
(102, 30, 'images//5c1a038a601421.77718576.png'),
(103, 31, 'images//5c1a045a1ed278.21747514.jpg'),
(104, 31, 'images//5c1a045a3e8789.37814540.jpg'),
(105, 31, 'images//5c1a045ab5d260.79423596.png'),
(106, 31, 'images//5c1a045ae45798.96569418.jpg'),
(107, 31, 'images//5c1a045b13aba5.46737736.png'),
(108, 31, 'images//5c1a045b37c3f3.14943701.png'),
(109, 32, 'images//5c1a04f49597c5.72201172.jpg'),
(110, 32, 'images//5c1a04f4bb12b3.92321078.jpg'),
(111, 32, 'images//5c1a04f562d228.31134340.png'),
(112, 32, 'images//5c1a04f5bb9b13.07650272.png'),
(113, 32, 'images//5c1a04f6059576.01812088.png'),
(114, 32, 'images//5c1a04f632aad4.82887815.png'),
(115, 32, 'images//5c1a04f6679b21.40334113.png'),
(116, 33, 'images//5c1a06ce781e04.84226264.jpg'),
(117, 33, 'images//5c1a06ce861729.98746255.jpg'),
(118, 33, 'images//5c1a06cee61223.22705120.jpg'),
(119, 33, 'images//5c1a06cf1b96d3.11736370.png'),
(120, 33, 'images//5c1a06cf432b84.55772841.png'),
(121, 34, 'images//5c1a074f2c8103.25699755.jpg'),
(122, 34, 'images//5c1a074f3bed80.37535743.jpg'),
(123, 34, 'images//5c1a074fa728d3.46185356.png'),
(124, 34, 'images//5c1a074fcced42.94435753.png'),
(125, 35, 'images//5c1a0972e46d11.56078479.jpg'),
(126, 35, 'images//5c1a0973035742.33971859.jpg'),
(127, 35, 'images//5c1a097369afa4.73244891.png'),
(128, 35, 'images//5c1a0973973030.36343307.jpg'),
(129, 35, 'images//5c1a0973b85789.36628604.png'),
(130, 35, 'images//5c1a0973d46392.77090291.png'),
(131, 36, 'images//5c1a09ec4aa598.46420356.jpg'),
(132, 36, 'images//5c1a09ec6d7a71.36885270.jpg'),
(133, 36, 'images//5c1a09ed137030.02275666.png'),
(134, 36, 'images//5c1a09ed666e72.01548859.png'),
(135, 36, 'images//5c1a09eda278c5.43004572.png'),
(136, 37, 'images//5c1a0a4127ca71.78341547.jpg'),
(137, 37, 'images//5c1a0a41493917.08353293.jpg'),
(138, 37, 'images//5c1a0a41c97381.46025943.jpg'),
(139, 37, 'images//5c1a0a420e5847.53430171.png'),
(140, 37, 'images//5c1a0a42376c96.93758696.png'),
(141, 38, 'images//5c1a0b2c558238.57238278.jpg'),
(142, 38, 'images//5c1a0b2c665492.00534148.jpg'),
(143, 38, 'images//5c1a0b2ccae485.26588056.png'),
(144, 38, 'images//5c1a0b2d0cd2e2.62659153.jpg'),
(145, 38, 'images//5c1a0b2d3e7606.17837654.png'),
(146, 38, 'images//5c1a0b2d672bd9.09637225.png'),
(147, 38, 'images//5c1a0b2d901bc2.84583941.png'),
(148, 38, 'images//5c1a0b2dbc2f72.63405913.png'),
(149, 39, 'images//5c1a0b77634150.80940929.jpg'),
(150, 39, 'images//5c1a0b77836558.48103294.jpg'),
(151, 39, 'images//5c1a0b77e9ee79.54278366.png'),
(152, 39, 'images//5c1a0b783c38d7.52891338.jpg'),
(153, 39, 'images//5c1a0b78687b44.96671219.png'),
(154, 39, 'images//5c1a0b78907624.16381976.png'),
(155, 40, 'images//5c1a0bb5e2e161.42390961.jpg'),
(156, 40, 'images//5c1a0bb60456c2.82320414.jpg'),
(157, 40, 'images//5c1a0bb6743365.73186351.png'),
(158, 40, 'images//5c1a0bb6a797e2.41289536.jpg'),
(159, 40, 'images//5c1a0bb6ce43f3.15025504.png'),
(160, 40, 'images//5c1a0bb70898a3.69240048.png'),
(161, 41, 'images//5c1a0ce2e4d576.12852498.jpg'),
(162, 41, 'images//5c1a0ce2f17228.07680024.jpg'),
(163, 41, 'images//5c1a0ce355c8e5.34580829.png'),
(164, 41, 'images//5c1a0ce3840949.75119285.jpg'),
(165, 41, 'images//5c1a0ce3b38845.55297398.png'),
(166, 41, 'images//5c1a0ce3d3db91.31118196.png'),
(167, 42, 'images//5c1a0de5754054.06459687.jpg'),
(168, 42, 'images//5c1a0de5879132.04890389.jpg'),
(169, 42, 'images//5c1a0de5eb3622.80921935.png'),
(170, 42, 'images//5c1a0de6207fe7.11225447.jpg'),
(171, 42, 'images//5c1a0de64629e6.92867836.png'),
(172, 42, 'images//5c1a0de66a5391.40979067.png'),
(173, 43, 'images//5c1a0e3abc7f02.25567016.jpg'),
(174, 43, 'images//5c1a0e3acd65b3.28925144.jpg'),
(175, 43, 'images//5c1a0e3b2cf3d4.56757300.png'),
(176, 43, 'images//5c1a0e3b5e6106.88707655.jpg'),
(177, 43, 'images//5c1a0e3b835bc4.40137265.png'),
(178, 43, 'images//5c1a0e3ba44001.55958403.png'),
(179, 44, 'images//5c1a0e9dcfd6d5.54028828.jpg'),
(180, 44, 'images//5c1a0e9de54ec2.85277068.jpg'),
(181, 44, 'images//5c1a0e9e5d8355.65041073.png'),
(182, 44, 'images//5c1a0e9e9f9cd8.83165295.jpg'),
(183, 44, 'images//5c1a0e9ed10942.20551691.png'),
(184, 44, 'images//5c1a0e9f0932a6.36816748.png'),
(185, 44, 'images//5c1a0e9f2f5847.40123829.png'),
(186, 45, 'images//5c1a13e37b0c89.99363589.jpg'),
(187, 45, 'images//5c1a13e4a09558.43428673.jpg'),
(188, 45, 'images//5c1a13e4f2b619.66723645.png'),
(189, 45, 'images//5c1a13e52fa0f2.05565563.jpg'),
(190, 45, 'images//5c1a13e5536ba5.36877725.png'),
(191, 45, 'images//5c1a13e5723802.32281993.png'),
(192, 45, 'images//5c1a13e59958b3.95690300.png'),
(193, 45, 'images//5c1a13e5bee660.14673852.png'),
(194, 46, 'images//5c1a142edf5129.03707976.jpg'),
(195, 47, 'images//5c1a14fdd73c25.65228961.jpg'),
(196, 47, 'images//5c1a14fe0cf377.75548812.jpg'),
(197, 47, 'images//5c1a14fecb1363.70047837.png'),
(198, 47, 'images//5c1a14ff2d2f10.78171916.jpg'),
(199, 47, 'images//5c1a14ff5906a1.27233062.png'),
(200, 47, 'images//5c1a14ff9d5d91.71494478.png'),
(201, 47, 'images//5c1a14ffca88d7.79373109.png'),
(202, 47, 'images//5c1a15000c2de6.40305185.png'),
(203, 47, 'images//5c1a15004bb547.74071877.png'),
(204, 48, 'images//5c1a15df0b4166.69899037.jpg'),
(205, 48, 'images//5c1a15df170ef9.93554560.jpg'),
(206, 48, 'images//5c1a15df4f4822.89540490.png'),
(207, 48, 'images//5c1a15df6bf818.27894644.jpg'),
(208, 48, 'images//5c1a15df8d5b41.33737462.png'),
(209, 48, 'images//5c1a15dfa25104.98550338.png'),
(210, 48, 'images//5c1a15dfb52796.33858230.png'),
(211, 48, 'images//5c1a15dfd42271.52835106.png'),
(212, 49, 'images//5c1a16379fab99.93502319.jpg'),
(213, 49, 'images//5c1a1637d15723.82391802.jpg'),
(214, 49, 'images//5c1a1638d12663.64251887.png'),
(215, 49, 'images//5c1a16393a6aa9.74575471.jpg'),
(216, 49, 'images//5c1a16398be0c6.66859646.png'),
(217, 49, 'images//5c1a1639d81b77.44944689.png'),
(218, 49, 'images//5c1a163a2d7323.17480583.png'),
(219, 49, 'images//5c1a163a61b6c0.52029712.png'),
(220, 49, 'images//5c1a163aa4a397.34755989.png'),
(221, 49, 'images//5c1a163ae0d422.43941586.png'),
(222, 50, 'images//5c1a4f2f5a6df6.52911659.jpg'),
(223, 50, 'images//5c1a4f2f7e9429.75379757.jpg'),
(224, 50, 'images//5c1a4f3001f396.85063837.png'),
(225, 50, 'images//5c1a4f303de545.25357938.jpg'),
(226, 50, 'images//5c1a4f306414f8.61532053.png'),
(227, 50, 'images//5c1a4f308e4bb1.12974133.png'),
(228, 51, 'images//5c1a5016b87421.58773804.jpg'),
(229, 51, 'images//5c1a5016e3b217.27385036.jpg'),
(230, 51, 'images//5c1a50174d6909.92149963.png'),
(231, 51, 'images//5c1a5017753f03.81946030.png'),
(232, 52, 'images//5c1a5097421c98.88514492.jpg'),
(233, 52, 'images//5c1a509754f553.46402234.jpg'),
(234, 52, 'images//5c1a5097abcb79.88858516.png'),
(235, 52, 'images//5c1a5097da30a7.37339354.jpg'),
(236, 52, 'images//5c1a5098069543.38000137.png'),
(237, 52, 'images//5c1a5098287746.37590824.png'),
(238, 52, 'images//5c1a50984941e0.91672798.png'),
(239, 53, 'images//5c1a5537828785.36849400.jpg'),
(240, 53, 'images//5c1a5537b6e8a2.96969299.jpg'),
(241, 53, 'images//5c1a5538aca001.08405486.png'),
(242, 53, 'images//5c1a5539251f08.58167241.jpg'),
(243, 53, 'images//5c1a553968b593.91360304.png'),
(244, 53, 'images//5c1a5539b3d3e6.40001500.png'),
(245, 54, 'images//5c1a55fae74447.18101529.jpg'),
(246, 54, 'images//5c1a55fb11cf82.68065574.jpg'),
(247, 54, 'images//5c1a55fb92cd36.88898387.png'),
(248, 54, 'images//5c1a55fbd647c1.36794283.jpg'),
(249, 54, 'images//5c1a55fc1f34a3.03272200.png'),
(250, 54, 'images//5c1a55fc691740.26097408.png'),
(251, 55, 'images//5c1a56735b5ea9.71244699.jpg'),
(252, 55, 'images//5c1a567394f249.79451238.jpg'),
(253, 55, 'images//5c1a5674ada7f0.96707078.jpg'),
(254, 55, 'images//5c1a567517bf60.06241473.png'),
(255, 55, 'images//5c1a56755ffb62.38732661.png'),
(256, 56, 'images//5c1a56b48877e1.43323127.jpg'),
(257, 56, 'images//5c1a56b4a312b3.42622781.jpg'),
(258, 56, 'images//5c1a56b517f118.44572129.png'),
(259, 56, 'images//5c1a56b549e712.23908160.jpg'),
(260, 56, 'images//5c1a56b576c4a0.23428985.png'),
(261, 56, 'images//5c1a56b5a132b6.37176104.png'),
(262, 57, 'images//5c1a577a7498c0.14499031.jpg'),
(263, 57, 'images//5c1a577aa972c1.33739962.jpg'),
(264, 57, 'images//5c1a577b873478.85150154.png'),
(265, 57, 'images//5c1a577bd27686.58529017.jpg'),
(266, 57, 'images//5c1a577c3736e7.31455077.png'),
(267, 57, 'images//5c1a577c73c7e1.73470704.png'),
(268, 58, 'images//5c1a5c3fd83636.88987481.jpg'),
(269, 58, 'images//5c1a5c3fea9956.63073981.jpg'),
(270, 58, 'images//5c1a5c40669a20.33849910.png'),
(271, 58, 'images//5c1a5c409692a3.32726498.jpg'),
(272, 58, 'images//5c1a5c40bf6ae3.08764271.png'),
(273, 58, 'images//5c1a5c40ef72d5.27918227.png'),
(274, 59, 'images//5c1a5cbf03d7d9.72437828.jpg'),
(275, 59, 'images//5c1a5cbf2502e4.95094743.jpg'),
(276, 59, 'images//5c1a5cbf859b86.20665643.png'),
(277, 59, 'images//5c1a5cbfbbb411.77540707.jpg'),
(278, 59, 'images//5c1a5cbfe59964.23916155.png'),
(279, 59, 'images//5c1a5cc01490d3.33188134.png'),
(280, 60, 'images//5c1a5d20e2b1f6.62205884.jpg'),
(281, 60, 'images//5c1a5d21059ae1.09424119.jpg'),
(282, 60, 'images//5c1a5d21865b06.69303237.png'),
(283, 60, 'images//5c1a5d21c092c1.93935291.jpg'),
(284, 60, 'images//5c1a5d21ebe099.75563129.png'),
(285, 60, 'images//5c1a5d221e8a97.80205716.png'),
(286, 61, 'images//5c1a5eed75f9e8.73061979.jpg'),
(287, 61, 'images//5c1a5eed931a78.57584812.jpg'),
(288, 61, 'images//5c1a5eedea0b83.42687331.png'),
(289, 61, 'images//5c1a5eee19e725.60987964.jpg'),
(290, 61, 'images//5c1a5eee3a2f54.13657698.png'),
(291, 61, 'images//5c1a5eee5dff35.52503667.png'),
(292, 62, 'images//5c1a60f970bcc8.03179220.jpg'),
(293, 62, 'images//5c1a60f98902a8.85216274.jpg'),
(294, 62, 'images//5c1a60f9eaeeb1.90657728.png'),
(295, 62, 'images//5c1a60fa21a965.71165476.jpg'),
(296, 62, 'images//5c1a60fa461aa6.22664238.png'),
(297, 62, 'images//5c1a60fa72ad21.85470979.png'),
(298, 63, 'images//5c1a615331d2d3.31723272.jpg'),
(299, 63, 'images//5c1a6153717c97.10928032.jpg'),
(300, 63, 'images//5c1a6153f161a5.24304126.png'),
(301, 63, 'images//5c1a615446af25.62994305.jpg'),
(302, 63, 'images//5c1a61548336e4.00340411.png'),
(303, 63, 'images//5c1a6154b2bd76.45341768.png'),
(304, 64, 'images//5c1b98ddb78008.09536302.jpg'),
(305, 64, 'images//5c1b98de823ae0.39903075.jpg'),
(306, 64, 'images//5c1b98dedb0a04.27407331.png'),
(307, 64, 'images//5c1b98df2e7298.35286737.jpg'),
(308, 64, 'images//5c1b98df4529b9.62488414.png'),
(309, 64, 'images//5c1b98df729086.29209862.png'),
(310, 64, 'images//5c1b98dfa2eb28.91449290.png'),
(311, 64, 'images//5c1b98dfcb40e6.12810917.png'),
(312, 64, 'images//5c1b98e0529035.78143078.png'),
(313, 65, 'images//5c1b991d247410.10607467.jpg'),
(314, 65, 'images//5c1b991d38f3e3.46997439.jpg'),
(315, 66, 'images//5c1b9b3ae979b3.52698353.jpg'),
(316, 66, 'images//5c1b9b3b18d8a0.86558930.jpg'),
(317, 66, 'images//5c1b9b3b824c83.63040678.png'),
(318, 66, 'images//5c1b9b3bba4ee6.67155420.jpg'),
(319, 66, 'images//5c1b9b3bf29297.42151460.png'),
(320, 66, 'images//5c1b9b3c1efa57.56733268.png'),
(321, 67, 'images//5c1b9badd2dea0.56096517.jpg'),
(322, 67, 'images//5c1b9bade09ce2.74151625.jpg'),
(323, 67, 'images//5c1b9bae4c78a1.31619016.png'),
(324, 68, 'images//5c1b9c0970e592.49873857.jpg'),
(325, 68, 'images//5c1b9c0988f6f7.77026252.jpg'),
(326, 68, 'images//5c1b9c09c820e0.92814140.png'),
(327, 68, 'images//5c1b9c09ef4734.99474611.jpg'),
(328, 68, 'images//5c1b9c0a270e37.76416990.png'),
(329, 68, 'images//5c1b9c0a41f141.62320463.png'),
(330, 69, 'images//5c1b9c842014c3.49105373.jpg'),
(331, 69, 'images//5c1b9c84335ca0.96291308.jpg'),
(332, 69, 'images//5c1b9c84a14cf8.41178002.png'),
(333, 69, 'images//5c1b9c84cbbaa4.82114955.jpg'),
(334, 69, 'images//5c1b9c85101189.44079738.png'),
(335, 69, 'images//5c1b9c852fd0e7.41002056.png'),
(336, 70, 'images//5c1b9d724e8d62.77276087.jpg'),
(337, 70, 'images//5c1b9d72b3e949.35002211.jpg'),
(338, 70, 'images//5c1b9d73b1e5d7.75977777.png'),
(339, 70, 'images//5c1b9d744dd112.97102035.jpg'),
(340, 70, 'images//5c1b9d74935606.32488010.png'),
(341, 70, 'images//5c1b9d74e10d97.24051048.png'),
(342, 71, 'images//5c1b9df52d3580.38884988.jpg'),
(343, 71, 'images//5c1b9df55865c1.04253838.jpg'),
(344, 71, 'images//5c1b9df5c55dd4.33324369.png'),
(345, 71, 'images//5c1b9df5e2fcd0.81082944.jpg'),
(346, 71, 'images//5c1b9df617e2b7.73146655.png'),
(347, 71, 'images//5c1b9df6431194.24109609.png'),
(348, 72, 'images//5c1b9ebd7739c0.30935549.jpg'),
(349, 72, 'images//5c1b9ebd96a938.98135977.jpg'),
(350, 72, 'images//5c1b9ebdf0eac1.64805743.png'),
(351, 73, 'images//5c1b9f0b5ebaa3.08387111.jpg'),
(352, 73, 'images//5c1b9f0b68f9e0.72212303.jpg'),
(353, 73, 'images//5c1b9f0bae8059.79109429.png'),
(354, 73, 'images//5c1b9f0bd88cd9.26604282.jpg'),
(355, 73, 'images//5c1b9f0c067268.19212717.png'),
(356, 73, 'images//5c1b9f0c2b25a3.83279143.png'),
(357, 74, 'images//5c1b9fa2d26998.97734834.jpg'),
(358, 74, 'images//5c1b9fa2f38b54.96527384.jpg'),
(359, 74, 'images//5c1b9fa3455f44.63719587.png'),
(360, 74, 'images//5c1b9fa3742194.93485297.jpg'),
(361, 74, 'images//5c1b9fa39031c0.35227577.png'),
(362, 74, 'images//5c1b9fa3b637c7.58342659.png'),
(363, 75, 'images//5c1b9ffda1f952.51460887.jpg'),
(364, 75, 'images//5c1b9ffdb65239.12242101.jpg'),
(365, 75, 'images//5c1b9ffe037a36.24445781.png'),
(366, 75, 'images//5c1b9ffe23eaf5.33091694.jpg'),
(367, 75, 'images//5c1b9ffe3ac975.64379836.png'),
(368, 75, 'images//5c1b9ffe5700b8.96421817.png'),
(369, 76, 'images//5c1ba155b193b0.94104019.jpg'),
(370, 76, 'images//5c1ba155e22a64.46098823.jpg'),
(371, 76, 'images//5c1ba156526358.22522281.jpg'),
(372, 76, 'images//5c1ba156683ef7.63711240.png'),
(373, 76, 'images//5c1ba156a2ed01.93150302.png'),
(374, 77, 'images//5c1bf2e8a01688.51241741.jpg'),
(375, 77, 'images//5c1bf2e8ce6473.65044390.jpg'),
(376, 77, 'images//5c1bf2e9bb06c9.11162288.png'),
(377, 77, 'images//5c1bf2ea1b18c1.73122534.jpg'),
(378, 77, 'images//5c1bf2ea5de7b9.56439805.png'),
(379, 77, 'images//5c1bf2eaa6f773.00885310.png'),
(380, 78, 'images//5c1bf3ff306855.48086603.jpg'),
(381, 78, 'images//5c1bf3ff54ba80.47357298.jpg'),
(382, 78, 'images//5c1bf400002651.74384360.png'),
(383, 78, 'images//5c1bf4004da480.19515396.jpg'),
(384, 78, 'images//5c1bf400971b67.19620596.png'),
(385, 78, 'images//5c1bf400d50269.07785104.png'),
(386, 79, 'images//5c1bf4704f4a87.76532188.jpg'),
(387, 79, 'images//5c1bf4705e9e25.73891132.jpg'),
(388, 79, 'images//5c1bf470962d68.02284730.png'),
(389, 79, 'images//5c1bf470b9c468.99884180.jpg'),
(390, 79, 'images//5c1bf470d1af04.20572987.png'),
(391, 79, 'images//5c1bf4710957c3.07135765.png'),
(392, 80, 'images//5c1bf8bae9fea5.88019656.jpg'),
(393, 80, 'images//5c1bf8bbbcd955.68903054.jpg'),
(394, 80, 'images//5c1bf8bdd3f9d0.13488828.png'),
(395, 80, 'images//5c1bf8beaad585.60596432.png'),
(396, 81, 'images//5c1d7133762219.08548918.jpg'),
(397, 81, 'images//5c1d7133b191f2.57558628.jpg'),
(398, 81, 'images//5c1d713434c005.35935784.png'),
(399, 81, 'images//5c1d7134833921.10491362.png'),
(400, 81, 'images//5c1d7134ae3a24.08175278.png'),
(401, 82, 'images//5c1d717a232341.75671070.png'),
(402, 82, 'images//5c1d717a58c3b5.33648274.png'),
(403, 82, 'images//5c1d717a831de6.11003166.png'),
(404, 82, 'images//5c1d717aa39520.00625957.jpg'),
(405, 82, 'images//5c1d717ab99257.72496446.jpg'),
(406, 83, 'images//5c1d71ad1b2481.60807734.jpg'),
(407, 83, 'images//5c1d71ad46b750.76071375.jpg'),
(408, 83, 'images//5c1d71ae5208f0.83663600.png'),
(409, 83, 'images//5c1d71aeb0c3c7.74328875.png'),
(410, 83, 'images//5c1d71aeee35a1.97552951.png'),
(411, 84, 'images//5c1d72133aadd8.39533461.jpg'),
(412, 84, 'images//5c1d72136b9011.63723090.jpg'),
(413, 84, 'images//5c1d72142fa804.58873040.png'),
(414, 84, 'images//5c1d72148c8ca4.67358645.jpg'),
(415, 84, 'images//5c1d7214c16d93.06727982.png'),
(416, 84, 'images//5c1d721522ddd3.92814310.png'),
(417, 85, 'images//5c1d725a005a77.12263862.jpg'),
(418, 85, 'images//5c1d725a3532c2.74262663.png'),
(419, 85, 'images//5c1d725a69d209.00152092.png'),
(420, 86, 'images//5c1d73792b1602.72570983.jpg'),
(421, 86, 'images//5c1d737a46eb43.91928010.png'),
(422, 86, 'images//5c1d737aa0fbd1.66953098.png'),
(423, 87, 'images//5c2295bdb3ace1.61070411.jpg'),
(424, 87, 'images//5c2295beb3f670.73530465.jpg'),
(425, 87, 'images//5c2295bf3adf61.21534638.png'),
(426, 87, 'images//5c2295bf9eb479.26362899.jpg'),
(427, 87, 'images//5c2295bfd3b602.65334251.png'),
(428, 87, 'images//5c2295c0106b60.96005694.png'),
(429, 88, 'images//5c2296257da108.95099588.jpg'),
(430, 88, 'images//5c229625a097e7.30335005.jpg'),
(431, 88, 'images//5c2296261e3e64.16585637.png'),
(432, 88, 'images//5c2296265a2f46.78964347.jpg'),
(433, 88, 'images//5c2296268404c2.29519371.png'),
(434, 88, 'images//5c229626a8d695.26566518.png'),
(435, 89, 'images//5c2296639ec790.88130870.jpg'),
(436, 89, 'images//5c229663ba1481.73242836.jpg'),
(437, 89, 'images//5c2296643016e3.99502501.png'),
(438, 89, 'images//5c2296645da5f3.27109339.jpg'),
(439, 89, 'images//5c229664821320.55428314.png'),
(440, 89, 'images//5c229664b65271.98478247.png'),
(441, 90, 'images//5c2297e63a98f6.87507170.jpg'),
(442, 90, 'images//5c2297e66610b5.15165921.jpg'),
(443, 90, 'images//5c2297e6b3c7b6.77803919.png'),
(444, 90, 'images//5c2297e6f11c31.53151616.jpg'),
(445, 90, 'images//5c2297e72a6a07.93090194.png'),
(446, 90, 'images//5c2297e7565c22.93915699.png'),
(447, 91, 'images//5c2298d37fa333.31319389.jpg'),
(448, 91, 'images//5c2298d3a24827.20464390.jpg'),
(449, 91, 'images//5c2298d4047271.50150511.png'),
(450, 91, 'images//5c2298d444a4c7.47662103.jpg'),
(451, 91, 'images//5c2298d47257a3.34406392.png'),
(452, 91, 'images//5c2298d4a9fc05.19661094.png'),
(453, 92, 'images//5c229912a89221.73906974.jpg'),
(454, 92, 'images//5c229912c3cf43.64206297.jpg'),
(455, 92, 'images//5c229913428c90.69045898.png'),
(456, 92, 'images//5c2299137fef37.24175024.jpg'),
(457, 92, 'images//5c2299139f7970.97610862.png'),
(458, 92, 'images//5c229913ce1c74.44870506.png'),
(459, 93, 'images//5c22f3dac2a6c6.33422849.jpg'),
(460, 93, 'images//5c22f3db089f69.87244261.jpg'),
(461, 93, 'images//5c22f3db418040.69433244.jpg'),
(462, 93, 'images//5c22f3db57deb7.44745792.png'),
(463, 93, 'images//5c22f3db77c9e3.16864301.png'),
(464, 94, 'images//5c22f456a0e8d9.82960161.jpg'),
(465, 94, 'images//5c22f456d4dc49.19425880.jpg'),
(466, 94, 'images//5c22f457c81990.07353232.jpg'),
(467, 94, 'images//5c22f45814c227.54290302.png'),
(468, 94, 'images//5c22f458483c36.88630724.png'),
(469, 95, 'images//5c22f4f49773f0.03034971.png'),
(470, 95, 'images//5c22f4f4c60357.18835378.jpg'),
(471, 95, 'images//5c22f4f4ec6567.87778863.png'),
(472, 95, 'images//5c22f4f52b5620.49458325.png'),
(473, 95, 'images//5c22f4f5491198.48535463.jpg'),
(474, 95, 'images//5c22f4f56c1208.45255080.jpg'),
(475, 96, 'images//5c22f564c2dc30.84298386.jpg'),
(476, 96, 'images//5c22f5651941a0.12250975.jpg'),
(477, 96, 'images//5c22f5662009a4.79758246.png'),
(478, 96, 'images//5c22f566614298.95953678.png'),
(479, 97, 'images//5c22f5ab38ef68.20426354.jpg'),
(480, 97, 'images//5c22f5ab42c0a6.67598005.jpg'),
(481, 97, 'images//5c22f5ab891ea1.69632747.png'),
(482, 97, 'images//5c22f5aba77725.77061553.jpg'),
(483, 97, 'images//5c22f5abdee5c3.92547010.png'),
(484, 97, 'images//5c22f5ac01d291.14136264.png'),
(485, 98, 'images//5c22f5e9545dd1.11727302.jpg'),
(486, 98, 'images//5c22f5e966c649.11931778.jpg'),
(487, 98, 'images//5c22f5e9ce72c9.18651592.jpg'),
(488, 98, 'images//5c22f5ea05d600.63524611.png'),
(489, 98, 'images//5c22f5ea2b5121.58161577.png'),
(490, 99, 'images//5c22f7041b6971.32852237.jpg'),
(491, 99, 'images//5c22f704297dd8.35266153.jpg'),
(492, 99, 'images//5c22f704581982.46268345.png'),
(493, 99, 'images//5c22f7047982c0.05846749.png'),
(494, 101, 'images//5c238560e72b03.60634203.jpg'),
(495, 101, 'images//5c2385610be003.06560583.jpg'),
(496, 101, 'images//5c238561b2a0e0.27685542.png'),
(497, 101, 'images//5c238561e8e3f4.28102784.png'),
(498, 102, 'images//5c2387848c5985.88186261.jpg'),
(499, 102, 'images//5c238784c91408.61935059.jpg'),
(500, 102, 'images//5c238785d3e5b7.02681946.png'),
(501, 102, 'images//5c2387864011e4.26575545.jpg'),
(502, 102, 'images//5c2387868fbb56.21301151.png'),
(503, 102, 'images//5c238786cfeb09.88977729.png'),
(504, 103, 'images//5c238c0b2ba1b4.97865998.jpg'),
(505, 103, 'images//5c238c0b6f4429.33484290.jpg'),
(506, 103, 'images//5c238c0c89d3e9.39345175.png'),
(507, 103, 'images//5c238c0cf36417.36527681.jpg'),
(508, 103, 'images//5c238c0d4285f2.86630830.png'),
(509, 103, 'images//5c238c0d8278b3.64242518.png'),
(510, 104, 'images//5c238cd5545110.95995626.jpg'),
(511, 104, 'images//5c238cd57da5e1.19388394.jpg'),
(512, 104, 'images//5c238cd649cd49.49200273.png'),
(513, 104, 'images//5c238cd69637b5.93067191.jpg'),
(514, 104, 'images//5c238cd6c04fb0.98964081.png'),
(515, 104, 'images//5c238cd704f2f8.21293135.png'),
(516, 105, 'images//5c23a59913e9a8.49727456.jpg'),
(517, 105, 'images//5c23a599314405.51283708.jpg'),
(518, 105, 'images//5c23a599e85be8.81917141.png'),
(519, 105, 'images//5c23a59a354a35.26820932.jpg'),
(520, 105, 'images//5c23a59a7379c5.15432534.png'),
(521, 105, 'images//5c23a59aa3b6f2.95977865.png'),
(522, 106, 'images//5c23a5f8a83c89.68113426.jpg'),
(523, 106, 'images//5c23a5f8b34103.83582618.jpg'),
(524, 106, 'images//5c23a5f9011d16.34847130.png'),
(525, 106, 'images//5c23a5f92df778.96555654.jpg'),
(526, 106, 'images//5c23a5f9494fa5.58686702.png'),
(527, 106, 'images//5c23a5f9655785.09009655.png'),
(528, 107, 'images/5c23a6e1a44562.60870281.jpg'),
(529, 107, 'images/5c23a6e1e08d86.57320901.jpg'),
(530, 107, 'images/5c23a6e300a896.44625468.png'),
(531, 107, 'images/5c23a6e3646be8.25163736.jpg'),
(532, 107, 'images/5c23a6e3a41239.49953083.png'),
(533, 107, 'images/5c23a6e3e047c6.41190558.png'),
(534, 108, 'images/5c23a726e391a1.43418822.jpg'),
(535, 108, 'images/5c23a7270cc051.81636860.jpg'),
(536, 108, 'images/5c23a7276f6e24.65430954.jpg'),
(537, 108, 'images/5c23a72799d731.58285356.png'),
(538, 108, 'images/5c23a727c4c008.28927801.png'),
(539, 109, 'images/5c23ecd7ad9b87.83040591.jpg'),
(540, 109, 'images/5c23ecd8a9f1d2.80902534.png'),
(541, 109, 'images/5c23ecd8e42fe0.35906069.png'),
(542, 109, 'images/5c23ecd9552bf0.58398352.png'),
(543, 109, 'images/5c23ecd9b06537.17852571.png'),
(544, 110, 'images/5c23f2bbd3fac7.01319882.jpg'),
(545, 110, 'images/5c23f2bbed6410.09872874.jpg'),
(546, 110, 'images/5c23f2bc39b0c2.12403093.png'),
(547, 110, 'images/5c23f2bc5440d7.57343726.png'),
(548, 110, 'images/5c23f2bc6b0931.85533130.png'),
(549, 110, 'images/5c23f2bc7dbe27.90610304.png'),
(550, 110, 'images/5c23f2bc914742.09409266.png'),
(551, 110, 'images/5c23f2bca913d5.41934741.png'),
(552, 111, 'images/5c23f3907a2448.15344654.jpg'),
(553, 111, 'images/5c23f3908172e7.28433471.jpg'),
(554, 111, 'images/5c23f390b94764.73235344.png'),
(555, 111, 'images/5c23f390d9d3f6.45241157.png'),
(556, 111, 'images/5c23f390f06651.87113833.png'),
(557, 111, 'images/5c23f391130f61.13341800.png'),
(558, 111, 'images/5c23f39130f346.27797330.png'),
(559, 111, 'images/5c23f391489844.39622899.png'),
(560, 112, 'images/5c23f582f24fd0.47704586.jpg'),
(561, 112, 'images/5c23f583123be8.01508442.jpg'),
(562, 112, 'images/5c23f583695e11.64924624.png'),
(563, 112, 'images/5c23f583927e50.60135221.png'),
(564, 112, 'images/5c23f583b1b4f9.42205956.png'),
(565, 112, 'images/5c23f583c9e4f0.19506807.png'),
(566, 112, 'images/5c23f584027995.63902139.png'),
(567, 113, '15c23f66f9cefd.jpg'),
(568, 113, '15c23f66faefed.jpg'),
(569, 113, '15c23f67025842.png'),
(570, 113, '15c23f6704a1c6.png'),
(571, 113, '15c23f6706a054.png'),
(572, 113, '15c23f670886ba.png'),
(573, 113, '15c23f670b0a24.png'),
(574, 113, '15c23f670cf296.png'),
(575, 114, '15c23f6e025108.jpg'),
(576, 114, '15c23f6e03ebf3.jpg'),
(577, 114, '15c23f6e0f0ba2.png'),
(578, 114, '15c23f6e154bd9.png'),
(579, 114, '15c23f6e18f6d9.png'),
(580, 114, '15c23f6e1c451a.png'),
(581, 114, '15c23f6e21bf63.png'),
(582, 115, '15c23f82726557.jpg'),
(583, 115, '15c23f827597e1.jpg'),
(584, 115, '15c23f827f3324.png'),
(585, 115, '15c23f8284f965.png'),
(586, 115, '15c23f828b678e.png'),
(587, 115, '15c23f829260ac.png'),
(588, 115, '15c23f8295ebe4.png'),
(589, 115, '15c23f8299d33d.png'),
(590, 116, '15c23ff16c7a44.jpg'),
(591, 116, '15c23ff17158a5.jpg'),
(592, 117, '15c2408e075f0f.jpg'),
(593, 117, '15c2408e0a0293.jpg'),
(594, 118, '15c24090c83d8d.jpg'),
(595, 118, '15c24090c8fcb3.jpg'),
(596, 119, '15c2409639b306.jpg'),
(597, 119, '15c240963cff29.png'),
(598, 120, '15c245540c928e.jpg'),
(599, 120, '15c2455428f0ca.jpg'),
(600, 120, '15c245542b62c9.jpg'),
(601, 120, '15c245542cc684.png'),
(602, 120, '15c24554326bd9.png'),
(603, 120, '15c24554336cb9.png'),
(604, 120, '15c2455435b382.png'),
(605, 120, '15c2455437c8b1.png'),
(606, 121, '15c245b70541cb.png'),
(607, 121, '15c245b708ff86.png'),
(608, 121, '15c245b70b901c.png'),
(609, 121, '15c245b70eeae0.png'),
(610, 121, '15c245b7115f17.png'),
(611, 121, '15c245b712f6d2.png'),
(612, 121, '15c245b7146b81.png'),
(613, 121, '15c245b7161a6d.png'),
(614, 121, '15c245b7176d8a.png'),
(615, 122, '15c245d1eea457.png'),
(616, 122, '15c245d1f37b33.png'),
(617, 122, '15c245d1f7e3be.png'),
(618, 122, '15c245d1fb6c55.png'),
(619, 122, '15c245d1fca476.png'),
(620, 122, '15c245d1fefb8a.png'),
(621, 122, '15c245d200ed35.png'),
(622, 122, '15c245d2028637.png'),
(623, 122, '15c245d203f234.png'),
(624, 123, '15c245d7e9fd9b.png'),
(625, 123, '15c245d7ecdc2e.png'),
(626, 123, '15c245d7eef436.png'),
(627, 123, '15c245d7f2ef52.png'),
(628, 123, '15c245d7f54d9c.png'),
(629, 123, '15c245d7f76a7e.png'),
(630, 123, '15c245d7f8dd2c.png'),
(631, 123, '15c245d7fa6cd6.png'),
(632, 123, '15c245d7fb7f5d.png'),
(633, 124, '15c24c79326a47.jpg'),
(634, 124, '15c24c7933f623.jpg'),
(635, 124, '15c24c7936e4a7.png'),
(636, 124, '15c24c79385db6.png'),
(637, 124, '15c24c7939be01.png'),
(638, 125, '15c24c86101e61.jpg'),
(639, 125, '15c24c86115e1f.jpg'),
(640, 125, '15c24c861511bd.png'),
(641, 125, '15c24c86165b88.png'),
(642, 125, '15c24c8617d9e0.png'),
(643, 126, '15c24cb2f2ac9e.jpg'),
(644, 126, '15c24cb2f41301.jpg'),
(645, 126, '15c24cb2f96ae8.png'),
(646, 126, '15c24cb2fb803e.png'),
(647, 126, '15c24cb2fd79a7.png'),
(648, 127, '15c24cea091344.jpg'),
(649, 127, '15c24cea09ee4e.jpg'),
(650, 127, '15c24cea0cb814.png'),
(651, 127, '15c24cea0e1bdf.png'),
(652, 127, '15c24cea10c496.png'),
(653, 128, '15c23d572576c5.jpg'),
(654, 128, '15c23d572b651d.png'),
(655, 128, '15c23d572cc819.png'),
(656, 128, '15c23d572dfc6d.png'),
(657, 128, '15c23d572f2d39.png'),
(658, 128, '15c23d57311229.png'),
(659, 129, '15c23d5f971aad.png'),
(660, 129, '15c23d5f9884a0.png'),
(661, 129, '15c23d5f9a27d8.png'),
(662, 129, '15c23d5f9c229c.png'),
(663, 129, '15c23d5f9d983b.png'),
(664, 129, '15c23d5fa07d69.png'),
(665, 130, '15c23d65d79aee.jpg'),
(666, 130, '15c23d65d80f81.jpg'),
(667, 130, '15c23d65db5e00.png'),
(668, 130, '15c23d65dc9cf6.png'),
(669, 130, '15c23d65ddf6e8.png'),
(670, 130, '15c23d65df341a.png'),
(671, 130, '15c23d65e11f3a.png'),
(672, 131, '15c23d6cdc8532.jpg'),
(673, 131, '15c23d6cdcf8e7.jpg'),
(674, 131, '15c23d6ce0b8e9.jpg'),
(675, 131, '15c23d6ce26038.png'),
(676, 131, '15c23d6ce3adb5.png'),
(677, 131, '15c23d6ce4f71d.png'),
(678, 131, '15c23d6ce6333a.png'),
(679, 131, '15c23d6ce7d9d9.png'),
(680, 132, '15c23d7d1410c6.png'),
(681, 132, '15c23d7d155693.png'),
(682, 132, '15c23d7d172786.png'),
(683, 132, '15c23d7d18b1b3.png'),
(684, 132, '15c23d7d1afcac.png'),
(685, 132, '15c23d7d1c9546.png'),
(686, 133, '15c23d8ffc8a39.jpg'),
(687, 133, '15c23d8ffcff1d.jpg'),
(688, 133, '15c23d9000ce49.png'),
(689, 133, '15c23d9002471e.png'),
(690, 133, '15c23d900316b1.png'),
(691, 133, '15c23d9004ebd7.png'),
(692, 134, '15c245c1a4591e.jpg'),
(693, 134, '15c245c1a4cd95.png'),
(694, 134, '15c245c1a68eaa.png'),
(695, 134, '15c245c1a7e3fb.png'),
(696, 134, '15c245c1a9b34b.png'),
(697, 135, '15c245cbd6b983.jpg'),
(698, 135, '15c245cbd7b313.jpg'),
(699, 135, '15c245cbd8e2a9.png'),
(700, 135, '15c245cbda990f.png'),
(701, 135, '15c245cbdc7072.png'),
(702, 136, '15c245eba06f67.png'),
(703, 136, '15c245eba213c6.png'),
(704, 136, '15c245eba3189c.png'),
(705, 137, '15c245ef6c6be3.jpg'),
(706, 137, '15c245ef6cd5c4.jpg'),
(707, 137, '15c245ef709b5c.png'),
(708, 137, '15c245ef7241ee.jpg'),
(709, 137, '15c245ef73ae6c.png'),
(710, 138, '15c246034dbb2a.jpg'),
(711, 138, '15c246034e2d33.jpg'),
(712, 138, '15c246035215ae.png'),
(713, 138, '15c24603549820.jpg'),
(714, 138, '15c24603563c8c.png'),
(715, 139, '15c2460dbab6ea.png'),
(716, 139, '15c2460dbc25e3.png'),
(717, 139, '15c2460dbe810d.png'),
(718, 139, '15c2460dc0f347.png'),
(719, 139, '15c2460dc21ef3.png'),
(720, 140, '15c246214245ed.jpg'),
(721, 140, '15c2462142c0f4.jpg'),
(722, 140, '15c24621462b31.png'),
(723, 140, '15c2462147be70.jpg'),
(724, 140, '15c2462149863c.png'),
(725, 141, '15c24634174d50.jpg'),
(726, 141, '15c2463417c52f.jpg'),
(727, 141, '15c246341ac93f.png'),
(728, 141, '15c246341ceb34.jpg'),
(729, 141, '15c246341e7c42.png'),
(730, 142, '15c249fa1eb504.jpg'),
(731, 142, '15c249fa1f3939.jpg'),
(732, 142, '15c249fa2101d7.png'),
(733, 142, '15c249fa225782.png'),
(734, 142, '15c249fa23e029.png'),
(735, 143, '15c24a007caca1.jpg'),
(736, 143, '15c24a007d2217.jpg'),
(737, 143, '15c24a00821d35.png'),
(738, 143, '15c24a0083cfa1.jpg'),
(739, 143, '15c24a00854094.png'),
(740, 144, '15c24a04c6a611.jpg'),
(741, 144, '15c24a04c71118.jpg'),
(742, 144, '15c24a04ca69d1.png'),
(743, 144, '15c24a04cbb946.jpg'),
(744, 144, '15c24a04cd34ab.png'),
(745, 145, '15c24a09ce913b.jpg'),
(746, 145, '15c24a09cf03cf.jpg'),
(747, 145, '15c24a09d29609.png'),
(748, 145, '15c24a09d44fad.jpg'),
(749, 145, '15c24a09d53727.png'),
(750, 146, '15c24a0e521ace.jpg'),
(751, 146, '15c24a0e528d24.jpg'),
(752, 146, '15c24a0e54cc89.png'),
(753, 146, '15c24a0e565a11.jpg'),
(754, 146, '15c24a0e580144.png'),
(755, 147, '15c252cad264e5.jpg'),
(756, 147, '15c252cad2f28e.jpg'),
(757, 147, '15c252cad61aa9.png'),
(758, 147, '15c252cad79787.png'),
(759, 147, '15c252cad9074a.png'),
(760, 148, '15c252d0b9afbf.jpg'),
(761, 148, '15c252d0ba40b2.jpg'),
(762, 148, '15c252d0bd2dbe.png'),
(763, 148, '15c252d0bedae3.jpg'),
(764, 148, '15c252d0c0f61f.png'),
(765, 149, '15c252ef444bfe.jpg'),
(766, 149, '15c252ef44bf0f.jpg'),
(767, 149, '15c252ef478b4c.png'),
(768, 149, '15c252ef4941af.jpg'),
(769, 149, '15c252ef4aa894.png'),
(770, 150, '15c2532d2df49a.png'),
(771, 150, '15c2532d3039c0.png'),
(772, 150, '15c2532d32170c.png'),
(773, 150, '15c2532d34858c.png'),
(774, 150, '15c2532d358b78.png'),
(775, 151, '15c253376d0389.jpg'),
(776, 151, '15c253376d7855.jpg'),
(777, 151, '15c2533771e11f.png'),
(778, 151, '15c25337747a98.jpg'),
(779, 151, '15c2533775c063.png'),
(780, 152, '15c25340a5a6b2.jpg'),
(781, 152, '15c25340a62513.jpg'),
(782, 152, '15c25340a8f1a0.png'),
(783, 152, '15c25340ab9e55.jpg'),
(784, 152, '15c25340acf345.jpg'),
(785, 153, '15c253485d6aeb.jpg'),
(786, 153, '15c253485deb29.jpg'),
(787, 153, '15c253486204fa.png'),
(788, 153, '15c253486381e1.jpg'),
(789, 153, '15c25348651636.png'),
(790, 154, '15c253699f2e43.jpg'),
(791, 154, '15c25369a06ed6.jpg'),
(792, 154, '15c25369a337b1.png'),
(793, 154, '15c25369a4777b.jpg'),
(794, 154, '15c25369a5a639.png'),
(795, 155, '15c2536cb36dd5.jpg'),
(796, 155, '15c2536cb3e83f.jpg'),
(797, 155, '15c2536cb71a7f.png'),
(798, 155, '15c2536cb8989d.jpg'),
(799, 155, '15c2536cba0c71.png'),
(800, 155, '15c2536cbb4b30.png'),
(801, 156, '15c25415677775.jpg'),
(802, 156, '15c2541567ee3f.jpg'),
(803, 156, '15c254156b5acf.png'),
(804, 156, '15c254156cb9ce.jpg'),
(805, 156, '15c254156e69a4.png'),
(806, 156, '15c25415703e28.png'),
(807, 157, '15c2542445da63.jpg'),
(808, 157, '15c2542446515b.jpg'),
(809, 157, '15c2542449039a.png'),
(810, 157, '15c254244a5732.jpg'),
(811, 157, '15c254244b53f4.png'),
(812, 157, '15c254244c82cd.png'),
(813, 158, '15c2542cdf094a.jpg'),
(814, 158, '15c2542ce046f5.jpg'),
(815, 158, '15c2542ce39a72.png'),
(816, 158, '15c2542ce600ad.jpg'),
(817, 158, '15c2542ce760fa.png'),
(818, 158, '15c2542ce8d4a5.png'),
(819, 159, '15c2542f82054c.jpg'),
(820, 159, '15c2542f859ed7.png'),
(821, 160, '15c2545302c64d.jpg'),
(822, 160, '15c25453033818.jpg'),
(823, 160, '15c25453065260.png'),
(824, 160, '15c2545307d110.jpg'),
(825, 160, '15c25453094092.jpg'),
(826, 161, '15c25459c48483.jpg'),
(827, 161, '15c25459c506c2.jpg'),
(828, 161, '15c25459c7e3b5.png'),
(829, 161, '15c25459c97b38.jpg'),
(830, 161, '15c25459cb2da0.png'),
(831, 162, '15c2545e66d3d5.jpg'),
(832, 162, '15c2545e6747bd.jpg'),
(833, 162, '15c2545e6ae226.png'),
(834, 162, '15c2545e6ce9bb.jpg'),
(835, 162, '15c2545e6e6642.png'),
(836, 163, '15c25e71b164c3.jpg'),
(837, 163, '15c25e71b1e320.jpg'),
(838, 163, '15c25e71b5532b.png'),
(839, 163, '15c25e71b6f3d7.jpg'),
(840, 163, '15c25e71b94f42.png'),
(841, 163, '15c25e71baa61a.png'),
(842, 164, '15c25eb310c97e.jpg'),
(843, 164, '15c25eb3114a43.jpg'),
(844, 164, '15c25eb314f30b.png'),
(845, 164, '15c25eb31666ce.jpg'),
(846, 164, '15c25eb3185348.png'),
(847, 165, '15c26266860412.jpg'),
(848, 165, '15c26266867afc.jpg'),
(849, 165, '15c2626689c88d.png'),
(850, 165, '15c262668ae1fe.jpg'),
(851, 165, '15c262668c1a4d.png'),
(852, 165, '15c262668e7c70.png');

-- --------------------------------------------------------

--
-- Table structure for table `notifications`
--

DROP TABLE IF EXISTS `notifications`;
CREATE TABLE IF NOT EXISTS `notifications` (
  `id` int(11) NOT NULL AUTO_INCREMENT,
  `post_id` int(15) NOT NULL DEFAULT '0',
  `user_id` int(11) NOT NULL,
  `type` varchar(20) NOT NULL DEFAULT '',
  `date` bigint(20) NOT NULL,
  PRIMARY KEY (`id`)
) ENGINE=MyISAM DEFAULT CHARSET=latin1;

-- --------------------------------------------------------

--
-- Table structure for table `post_table`
--

DROP TABLE IF EXISTS `post_table`;
CREATE TABLE IF NOT EXISTS `post_table` (
  `id` int(11) NOT NULL AUTO_INCREMENT,
  `uploader_id` int(11) NOT NULL,
  `upload_time` bigint(20) NOT NULL,
  `title` varchar(150) NOT NULL,
  `label` varchar(12) NOT NULL,
  `caption` varchar(4000) DEFAULT NULL,
  `longitude` varchar(13) NOT NULL DEFAULT '',
  `latitude` varchar(13) NOT NULL DEFAULT '',
  `support` int(1) NOT NULL,
  `oppose` int(1) NOT NULL,
  `confirmation` int(1) NOT NULL,
  PRIMARY KEY (`id`)
) ENGINE=MyISAM AUTO_INCREMENT=166 DEFAULT CHARSET=latin1;

--
-- Dumping data for table `post_table`
--

INSERT INTO `post_table` (`id`, `uploader_id`, `upload_time`, `title`, `label`, `caption`, `longitude`, `latitude`, `support`, `oppose`, `confirmation`) VALUES
(1, 1, 1545140031, 'how to make things move fast', 'security', NULL, '\"1234567890\"', '0', 0, 0, 0),
(2, 1, 1545140253, 'First real test upload and post', 'security', NULL, '\"1234567890\"', '0', 0, 0, 0),
(3, 1, 1545140314, 'Second real test upload and post', 'security', NULL, '\"1234567890\"', '0', 0, 0, 0),
(4, 1, 1545140594, 'how to make things move fast forward', 'security', NULL, '\"1234567890\"', '0', 0, 0, 0),
(5, 1, 1545140846, 'how to make things move fast forward', 'security', NULL, '\"1234567890\"', '0', 0, 0, 0),
(6, 1, 1545140886, 'how to make things move fast', 'sol', NULL, '\"1234567890\"', '0', 0, 0, 0),
(7, 1, 1545141104, 'how to make things move fast enough', 'security', NULL, '\"1234567890\"', '0', 0, 0, 0),
(8, 1, 1545141165, 'how to make things move fast', 'security', NULL, '\"1234567890\"', '0', 0, 0, 0),
(9, 1, 1545141478, 'how to make things move fast enough', 'security', NULL, '\"1234567890\"', '0', 0, 0, 0),
(10, 1, 1545141515, 'how to make things move', 'security', NULL, '\"1234567890\"', '0', 0, 0, 0),
(11, 1, 1545142134, 'how to make things move fast', 'security', NULL, '\"1234567890\"', '0', 0, 0, 0),
(12, 1, 1545142172, 'how to make things move fast', 'security', NULL, '\"1234567890\"', '0', 0, 0, 0),
(13, 1, 1545142211, 'how to make things move fast enough', 'security', NULL, '\"1234567890\"', '0', 0, 0, 0),
(14, 1, 1545147810, 'how to make things move', 'security', NULL, '\"1234567890\"', '0', 0, 0, 0),
(15, 1, 1545148508, 'how to make things move', 'security', NULL, '\"1234567890\"', '0', 0, 0, 0),
(16, 1, 1545149244, 'how to make things move fast enough', 'security', NULL, '\"1234567890\"', '0', 0, 0, 0),
(17, 1, 1545149289, 'how to make things move', 'security', NULL, '\"1234567890\"', '0', 0, 0, 0),
(18, 1, 1545149395, 'how to make things move', 'security', NULL, '\"1234567890\"', '0', 0, 0, 0),
(19, 1, 1545166204, 'how to make things move fast enough', 'security', NULL, '\"1234567890\"', '0', 0, 0, 0),
(20, 1, 1545166344, 'how to make things move fast ', 'security', 'caption test ', '\"1234567890\"', '0', 0, 0, 0),
(21, 1, 1545173740, 'how to make things move separately ', 'security', NULL, '\"1234567890\"', '0', 0, 0, 0),
(22, 1, 1545173887, 'how to make things move smoothly', 'security', NULL, '\"1234567890\"', '0', 0, 0, 0),
(23, 1, 1545174009, 'how to make things move fast enough', 'security', NULL, '\"1234567890\"', '0', 0, 0, 0),
(24, 1, 1545174097, 'how to make things move', 'security', NULL, '\"1234567890\"', '0', 0, 0, 0),
(25, 1, 1545177070, 'how to make things move', 'security', NULL, '\"1234567890\"', '0', 0, 0, 0),
(26, 1, 1545206329, 'how to make things move more accurately', 'transport', NULL, '\"1234567890\"', '0', 0, 0, 0),
(27, 1, 1545206523, 'how to makke things move fast', 'security', NULL, '\"1234567890\"', '0', 0, 0, 0),
(28, 1, 1545208061, 'how to make things move efficiently now', 'security', NULL, '\"1234567890\"', '0', 0, 0, 0),
(29, 1, 1545208286, 'how to make things move fast enough', 'security', 'A caption is made up different types of statements about the post', '\"1234567890\"', '0', 0, 0, 0),
(30, 1, 1545208714, 'how to make things move fast enough', 'security', NULL, '\"1234567890\"', '0', 0, 0, 0),
(31, 1, 1545208923, 'how to make things move nicely', 'security', NULL, '\"1234567890\"', '0', 0, 0, 0),
(32, 1, 1545209078, 'how to make things move fast enough', 'security', 'Captions are meta data for the post', '\"1234567890\"', '0', 0, 0, 0),
(33, 1, 1545209551, 'how to make things move fast enough', 'security', NULL, '\"1234567890\"', '0', 0, 0, 0),
(34, 1, 1545209680, 'how to make things move away', 'security', NULL, '\"1234567890\"', '0', 0, 0, 0),
(35, 1, 1545210228, 'how to make things moe', 'security', NULL, '\"1234567890\"', '0', 0, 0, 0),
(36, 1, 1545210349, 'how to go int ', 'security', NULL, '\"1234567890\"', '0', 0, 0, 0),
(37, 1, 1545210434, 'ohow', 'security', NULL, '\"1234567890\"', '0', 0, 0, 0),
(38, 1, 1545210670, 'how to make things move fast enough', 'security', NULL, '\"1234567890\"', '0', 0, 0, 0),
(39, 1, 1545210744, 'how to make things move fast', 'security', NULL, '\"1234567890\"', '0', 0, 0, 0),
(40, 1, 1545210807, 'how to make things move fast', 'security', NULL, '\"1234567890\"', '0', 0, 0, 0),
(41, 1, 1545211108, 'how ', 'security', NULL, '\"1234567890\"', '0', 0, 0, 0),
(42, 1, 1545211366, 'how to make things move', 'security', 'Caption provide meta data for the post', '\"1234567890\"', '0', 0, 0, 0),
(43, 1, 1545211451, 'how to make things move fast', 'security', NULL, '\"1234567890\"', '0', 0, 0, 0),
(44, 1, 1545211551, 'how to make things move forward', 'security', NULL, '\"1234567890\"', '0', 0, 0, 0),
(45, 1, 1545212901, 'how to make things move fast enough', 'security', 'Captions provide meta data for the post', '\"1234567890\"', '0', 0, 0, 0),
(46, 1, 1545212975, 'how to make things move fast enough', 'security', NULL, '\"1234567890\"', '0', 0, 0, 0),
(47, 1, 1545213184, 'how to make things move fast enough', 'security', NULL, '\"1234567890\"', '0', 0, 0, 0),
(48, 1, 1545213407, 'how to make things move fast enough', 'security', NULL, '\"1234567890\"', '0', 0, 0, 0),
(49, 1, 1545213499, 'how to make things move forward effortlessly', 'security', NULL, '\"1234567890\"', '0', 0, 0, 0),
(50, 1, 1545228080, 'how to make things move forward fast', 'security', NULL, '\"1234567890\"', '0', 0, 0, 0),
(51, 1, 1545228311, 'how to make things move fast enough', 'security', NULL, '\"1234567890\"', '0', 0, 0, 0),
(52, 1, 1545228440, 'how to make things move fast enough', 'security', NULL, '\"1234567890\"', '0', 0, 0, 0),
(53, 1, 1545229625, 'how to make things move fast enough', 'security', NULL, '\"1234567890\"', '0', 0, 0, 0),
(54, 1, 1545229820, 'how to make things move fast enough', 'security', NULL, '\"1234567890\"', '0', 0, 0, 0),
(55, 1, 1545229941, 'how to make something happen fast enough', 'security', NULL, '\"1234567890\"', '0', 0, 0, 0),
(56, 1, 1545230005, 'how to make things move fast ', 'security', NULL, '\"1234567890\"', '0', 0, 0, 0),
(57, 1, 1545230204, 'how to make things move fast enough', 'security', NULL, '\"1234567890\"', '0', 0, 0, 0),
(58, 1, 1545231425, 'how to make things move fast enough', 'security', 'captions are meta data for the post', '\"1234567890\"', '0', 0, 0, 0),
(59, 1, 1545231552, 'how to make things move well enough', 'security', NULL, '\"1234567890\"', '0', 0, 0, 0),
(60, 1, 1545231650, 'how to make things move fast enough', 'security', 'Captions are meta data for a post', '\"1234567890\"', '0', 0, 0, 0),
(61, 1, 1545232110, 'how to make things move fast enough', 'security', NULL, '\"1234567890\"', '0', 0, 0, 0),
(62, 1, 1545232634, 'hhhhhhh', 'security', NULL, '\"1234567890\"', '0', 0, 0, 0),
(63, 1, 1545232724, 'hhhhh', 'security', NULL, '\"1234567890\"', '0', 0, 0, 0),
(64, 1, 1545312480, 'how to make things move fast enough', 'security', NULL, '\"1234567890\"', '0', 0, 0, 0),
(65, 1, 1545312541, 'how to make things  move fast enough', 'sanitation', NULL, '\"1234567890\"', '0', 0, 0, 0),
(66, 1, 1545313084, 'how to make things move fast enough', 'corruption', NULL, '\"9876504321\"', '\"1234567890\"', 0, 0, 0),
(67, 1, 1545313198, 'how to make things move fast enough', 'corruption', NULL, '\"9876504321\"', '\"1234567890\"', 0, 0, 0),
(68, 1, 1545313290, 'how to make things move faster ', 'corruption', NULL, '\"9876504321\"', '\"1234567890\"', 0, 0, 0),
(69, 1, 1545313413, 'how to make things move now', 'corruption', NULL, '\"9876504321\"', '\"1234567890\"', 0, 0, 0),
(70, 1, 1545313653, 'how to make things move fast enough', 'corruption', NULL, '\"9876504321\"', '\"1234567890\"', 0, 0, 0),
(71, 1, 1545313782, 'how to make things move fast enough', 'corruption', NULL, '\"9876504321\"', '\"1234567890\"', 0, 0, 0),
(72, 1, 1545313982, 'how to make things move fast', 'corruption', NULL, '\"9876504321\"', '\"1234567890\"', 0, 0, 0),
(73, 1, 1545314060, 'how to make things move fast enough', 'corruption', NULL, '\"9876504321\"', '\"1234567890\"', 0, 0, 0),
(74, 1, 1545314211, 'how to make things be like good', 'corruption', NULL, '\"9876504321\"', '\"1234567890\"', 0, 0, 0),
(75, 1, 1545314302, 'how to make things move fast enough', 'corruption', NULL, '\"9876504321\"', '\"1234567890\"', 0, 0, 0),
(76, 1, 1545314646, 'how to make things move fast enough', 'corruption', NULL, '\"9876504321\"', '\"1234567890\"', 0, 0, 0),
(77, 1, 1545335530, 'how to make things move fast enough', 'corruption', 'Captions provide meta data for the post', '\"9876504321\"', '\"1234567890\"', 0, 0, 0),
(78, 1, 1545335809, 'how to make things move fast enough', 'corruption', NULL, '\"9876504321\"', '\"1234567890\"', 0, 0, 0),
(79, 1, 1545335921, 'how to make things move fast enough', 'corruption', NULL, '\"9876504321\"', '\"1234567890\"', 0, 0, 0),
(80, 1, 1545337023, 'hie', 'corruption', NULL, '\"9876504321\"', '\"1234567890\"', 0, 0, 0),
(81, 1, 1545433396, 'how to make things move fast enough', 'corruption', 'Captions are meta data for the post', '\"9876504321\"', '\"1234567890\"', 0, 0, 0),
(82, 1, 1545433467, 'how to make things move fast enough', 'sanitation', NULL, '\"9876504321\"', '\"1234567890\"', 0, 0, 0),
(83, 1, 1545433519, 'how to make things move fast enough', 'work', NULL, '\"9876504321\"', '\"1234567890\"', 0, 0, 0),
(84, 1, 1545433621, 'how to make things move fast enough', 'security', NULL, '\"9876504321\"', '\"1234567890\"', 0, 0, 0),
(85, 1, 1545433690, 'how to make things move', 'security', NULL, '\"9876504321\"', '\"1234567890\"', 0, 0, 0),
(86, 1, 1545433978, 'jj', 'other', NULL, '\"9876504321\"', '\"1234567890\"', 0, 0, 0),
(87, 1, 1545770432, 'how to make things move fast enough', 'corruption', 'Captions are meta data for the posts', '\"9876504321\"', '\"1234567890\"', 0, 0, 0),
(88, 1, 1545770534, 'how to make things move fast enough', 'security', 'Captions are meta data for the posts', '\"9876504321\"', '\"1234567890\"', 0, 0, 0),
(89, 1, 1545770596, 'how to make things move fast enough', 'sol', NULL, '\"9876504321\"', '\"1234567890\"', 0, 0, 0),
(90, 1, 1545770983, 'how to make things move fast enough', 'sanitation', NULL, '\"9876504321\"', '\"1234567890\"', 0, 0, 0),
(91, 1, 1545771220, 'how to make things move fast enough', 'work', NULL, '\"9876504321\"', '\"1234567890\"', 0, 0, 0),
(92, 1, 1545771284, 'how to make things move fast enough', 'security', NULL, '\"9876504321\"', '\"1234567890\"', 0, 0, 0),
(93, 1, 1545794523, 'how to make things move fast enough', 'health', 'Captions provide meta data for the post', '\"10234456583\"', '\"38493083838\"', 0, 0, 0),
(94, 1, 1545794648, 'how to make things move fast enough', 'transport', NULL, '\"10234456583\"', '\"38493083838\"', 0, 0, 0),
(95, 1, 1545794805, 'how to make things move fast enough', 'health', 'Captions provide meta data for the post', '\"10234456583\"', '\"38493083838\"', 0, 0, 0),
(96, 1, 1545794918, 'how to make things move fast enough', 'security', 'Captions provide meta data for the post', '\"10234456583\"', '\"38493083838\"', 0, 0, 0),
(97, 1, 1545794988, 'how to make things move fast enough', 'security', 'Captions provide meta data for the post', '\"10234456583\"', '\"38493083838\"', 0, 0, 0),
(98, 1, 1545795050, 'how to make things move fast enough', 'health', 'Captions provide meta data for posts', '\"10234456583\"', '\"38493083838\"', 0, 0, 0),
(99, 1, 1545795332, 'how to make things move fast enough', 'health', 'Captions provide meta data for the post', '\"10234456583\"', '\"38493083838\"', 0, 0, 0),
(100, 1, 11111111, 'title', 'label', 'caption', '\"1223455666\"', '\"1234554467\"', 0, 0, 0),
(101, 1, 1545831778, 'how to make things move fast enough', 'health', 'Captions provide basic meta data for the post', '\"10234456583\"', '\"38493083838\"', 0, 0, 0),
(102, 1, 1545832327, 'how to make things move fast enough', 'work', 'captions are meta data for the post', '\"10234456583\"', '\"38493083838\"', 0, 0, 0),
(103, 1, 1545833485, 'how to make things move fast enough', 'other', NULL, '\"10234456583\"', '\"38493083838\"', 0, 0, 0),
(104, 1, 1545833687, 'how to make things move fast enough', 'other', NULL, '\"10234456583\"', '\"38493083838\"', 0, 0, 0),
(105, 1, 1545840026, 'how to make things move fast enough', 'other', NULL, '\"10234456583\"', '\"38493083838\"', 0, 0, 0),
(106, 1, 1545840121, 'how to make things move fast enough', 'other', NULL, '\"10234456583\"', '\"38493083838\"', 0, 0, 0),
(107, 1, 1545840356, 'how to make things move fast enough', 'other', NULL, '\"10234456583\"', '\"38493083838\"', 0, 0, 0),
(108, 1, 1545840423, 'how to make things move fast enough', 'other', 'Captions are meta data for the posts', '\"10234456583\"', '\"38493083838\"', 0, 0, 0),
(109, 1, 1545858266, 'how to make things move fast enough', 'transport', 'Captions are meta data for the post', '\"10234456583\"', '\"38493083838\"', 0, 0, 0),
(110, 1, 1545859772, 'how to make things move fast enough', 'corruption', 'Captions provide meta data for the post', '\"10234456583\"', '\"38493083838\"', 0, 0, 0),
(111, 1, 1545859985, 'how to make things move fast enough', 'sol', NULL, '\"10234456583\"', '\"38493083838\"', 0, 0, 0),
(112, 1, 1545860484, 'how to make things move forward', 'health', 'Captions provide meta data for posts', '\"10234456583\"', '\"38493083838\"', 0, 0, 0),
(113, 1, 1545860720, 'how to make  things move forward', 'sol', 'Captions are meta data for the post', '\"10234456583\"', '\"38493083838\"', 0, 0, 0),
(114, 1, 1545860834, 'how to make things move fast enough', 'sanitation', 'Captions are meta data for the posts', '\"10234456583\"', '\"38493083838\"', 0, 0, 0),
(115, 1, 1545861161, 'how to make things move fast enough', 'sanitation', 'Captions provide meta data for the post', '\"10234456583\"', '\"38493083838\"', 0, 0, 0),
(116, 1, 1545862936, 'how to make things move fast enough', 'health', 'Captions provide meta data for the post', '\"10234456583\"', '\"38493083838\"', 0, 0, 0),
(117, 1, 1545865441, 'how to make things move fast enough', 'health', 'Captions provide meta data for the post', '\"10234456583\"', '\"38493083838\"', 0, 0, 0),
(118, 1, 1545865484, 'how to make things move forward', 'sol', NULL, '\"10234456583\"', '\"38493083838\"', 0, 0, 0),
(119, 1, 1545865572, 'how to make things move forward fast enough', 'work', NULL, '\"10234456583\"', '\"38493083838\"', 0, 0, 0),
(120, 1, 1545884995, 'how to make things move fast enough', 'security', 'Captions provide meta data for post', '\"10234456583\"', '\"38493083838\"', 0, 0, 0),
(121, 1, 1545886577, 'how to make things move forward now', 'security', 'Captions provide meta data for the post', '\"10234456583\"', '\"38493083838\"', 0, 0, 0),
(122, 1, 1545887008, 'how to make things move fast enough', 'security', NULL, '\"10234456583\"', '\"38493083838\"', 0, 0, 0),
(123, 1, 1545887103, 'how to make things move fast enough', 'sanitation', 'Captions provide meta data for the post', '\"10234456583\"', '\"38493083838\"', 0, 0, 0),
(124, 1, 1545914259, 'how to make things move fast enough', 'health', 'Captions provide meta data for the post', '\"10234456583\"', '\"38493083838\"', 0, 0, 0),
(125, 1, 1545914465, 'how to make things move fast enough', 'work', 'captions provide meta data for the post', '\"10234456583\"', '\"38493083838\"', 0, 0, 0),
(126, 1, 1545915183, 'how to make things move fast enough', 'security', 'Captions provide meta data for the post', '\"10234456583\"', '\"38493083838\"', 0, 0, 0),
(127, 1, 1545916065, 'how to make things move fast enough', 'corruption', 'Captions provide the post with meta data', '\"10234456583\"', '\"38493083838\"', 0, 0, 0),
(128, 1, 1545852275, 'how to make things move fast enough', 'security', 'Captions provide meta data for the post', '\"10234456583\"', '\"38493083838\"', 0, 0, 0),
(129, 1, 1545852410, 'how to make things  move fast enough', 'corruption', 'how to make things move fast enough', '\"10234456583\"', '\"38493083838\"', 0, 0, 0),
(130, 1, 1545852510, 'how to make things move forward', 'security', 'Captions provide meta data for the posts', '\"10234456583\"', '\"38493083838\"', 0, 0, 0),
(131, 1, 1545852622, 'how to make things move fast enough', 'security', 'Captions provide meta data for the post', '\"10234456583\"', '\"38493083838\"', 0, 0, 0),
(132, 1, 1545852881, 'how to make things move fast enough', 'security', NULL, '\"10234456583\"', '\"38493083838\"', 0, 0, 0),
(133, 1, 1545853184, 'how to make things move fast eenough', 'security', NULL, '\"10234456583\"', '\"38493083838\"', 0, 0, 0),
(134, 1, 1545886746, 'how to make things move fast enough', 'security', 'Captions provide posts with meta data', '\"10234456583\"', '\"38493083838\"', 0, 0, 0),
(135, 1, 1545886909, 'how  to make things move fast enough', 'security', NULL, '\"10234456583\"', '\"38493083838\"', 0, 0, 0),
(136, 1, 1545887418, 'how to make things move fast enough', 'sol', 'how to make things  move fast enough', '\"10234456583\"', '\"38493083838\"', 0, 0, 0),
(137, 1, 1545887479, 'how to make things move fast enough', 'security', 'Captions provide meta data for the post', '\"10234456583\"', '\"38493083838\"', 0, 0, 0),
(138, 1, 1545887797, 'how to make things move fast enough', 'security', 'How to make things move fast enough', '\"10234456583\"', '\"38493083838\"', 0, 0, 0),
(139, 1, 1545887964, 'how to make things move fast enoug', 'security', 'Captions provide meta data for the posts', '\"10234456583\"', '\"38493083838\"', 0, 0, 0),
(140, 1, 1545888276, 'how to make things move fasts enough', 'corruption', 'Captions provide meta data for the posts', '\"10234456583\"', '\"38493083838\"', 0, 0, 0),
(141, 1, 1545888578, 'how to make things move fast enough', 'security', 'Captions provide meta data for the post', '\"10234456583\"', '\"38493083838\"', 0, 0, 0),
(142, 1, 1545904034, 'how to make things move faster enough', 'security', 'Captions provide meta data for the posts', '\"10234456583\"', '\"38493083838\"', 0, 0, 0),
(143, 1, 1545904136, 'how to make things move faster enough', 'sanitation', 'Captions provide meta data for the posts', '\"10234456583\"', '\"38493083838\"', 0, 0, 0),
(144, 1, 1545904204, 'how to make htings move faster enough', 'security', 'Captions provide meta data for the post', '\"10234456583\"', '\"38493083838\"', 0, 0, 0),
(145, 1, 1545904285, 'how to make things move faster enough', 'security', 'Captions provide meta data for the post', '\"10234456583\"', '\"38493083838\"', 0, 0, 0),
(146, 1, 1545904357, 'how to make things move faster enough', 'sanitation', 'Captions provide meta data for the post', '\"10234456583\"', '\"38493083838\"', 0, 0, 0),
(147, 1, 1545940141, 'how to make things move fast enough', 'sanitation', 'Captions provide meta data for the posts', '\"10234456583\"', '\"38493083838\"', 0, 0, 0),
(148, 1, 1545940236, 'how to make things move fast enough', 'corruption', 'Captions provide meta data for the post', '\"10234456583\"', '\"38493083838\"', 0, 0, 0),
(149, 1, 1545940724, 'how to make things move fast enough', 'corruption', 'Captions provide meta data for the post', '\"10234456583\"', '\"38493083838\"', 0, 0, 0),
(150, 1, 1545941715, 'how to make things move fast enough', 'security', 'Captions provide meta data for the post', '\"10234456583\"', '\"38493083838\"', 0, 0, 0),
(151, 1, 1545941879, 'how to make things move fast enough', 'corruption', 'Captions provide meta data for the post', '\"10234456583\"', '\"38493083838\"', 0, 0, 0),
(152, 1, 1545942027, 'how to make things move faster than ever', 'security', 'Captions provide meta data for the post', '\"10234456583\"', '\"38493083838\"', 0, 0, 0),
(153, 1, 1545942150, 'how to make things move fast enough', 'sanitation', 'Captions provide meta data for the post', '\"10234456583\"', '\"38493083838\"', 0, 0, 0),
(154, 1, 1545942682, 'how to make things move fast enough', 'sanitation', 'Captions provide meta data for the post', '\"10234456583\"', '\"38493083838\"', 0, 0, 0),
(155, 1, 1545942731, 'how to make things move fast enoug', 'sanitation', 'Captions provide meta data for the post', '\"10234456583\"', '\"38493083838\"', 0, 0, 0),
(156, 1, 1545945431, 'how to make things move fast enough', 'sanitation', 'Captions provide meta data for the post', '\"10234456583\"', '\"38493083838\"', 0, 0, 0),
(157, 1, 1545945668, 'how to make things move fast enough', 'sanitation', NULL, '\"10234456583\"', '\"38493083838\"', 0, 0, 0),
(158, 1, 1545945806, 'how to make things  move fast enough', 'security', NULL, '\"10234456583\"', '\"38493083838\"', 0, 0, 0),
(159, 1, 1545945848, 'how to make things move fast enough', 'security', NULL, '\"10234456583\"', '\"38493083838\"', 0, 0, 0),
(160, 1, 1545946416, 'how to make things move fast enough', 'sanitation', 'Captions provide meta data for the posts', '\"10234456583\"', '\"38493083838\"', 0, 0, 0),
(161, 1, 1545946524, 'how to make things move fast enough', 'sanitation', NULL, '\"10234456583\"', '\"38493083838\"', 0, 0, 0),
(162, 1, 1545946599, 'how to make things move fast enough', 'sanitation', NULL, '\"10234456583\"', '\"38493083838\"', 0, 0, 0),
(163, 1, 1545987867, 'how to make things move fast enough', 'security', 'Captions provide meta data for the posts', '\"10234456583\"', '\"38493083838\"', 0, 0, 0),
(164, 1, 1545988913, 'how to make things move fast enough', 'sanitation', 'Captions provide meta data for the posts', '\"10234456583\"', '\"38493083838\"', 0, 0, 0),
(165, 1, 1546004073, 'how to make things move fast enough', 'security', 'Captions provided meta data for posts', '\"10234456583\"', '\"38493083838\"', 0, 0, 0);

-- --------------------------------------------------------

--
-- Table structure for table `reply_comments`
--

DROP TABLE IF EXISTS `reply_comments`;
CREATE TABLE IF NOT EXISTS `reply_comments` (
  `id` int(13) NOT NULL AUTO_INCREMENT,
  `post_id` int(11) NOT NULL,
  `comment_id` int(11) NOT NULL,
  `user_id` int(11) NOT NULL,
  `reply` varchar(500) NOT NULL,
  `reply_time` bigint(20) NOT NULL,
  PRIMARY KEY (`id`)
) ENGINE=InnoDB AUTO_INCREMENT=71 DEFAULT CHARSET=latin1;

--
-- Dumping data for table `reply_comments`
--

INSERT INTO `reply_comments` (`id`, `post_id`, `comment_id`, `user_id`, `reply`, `reply_time`) VALUES
(1, 10, 1, 1, 'heaven', 11111),
(2, 10, 2, 1, 'how to make things move fast enough', 1547237393),
(3, 10, 2, 1, 'how to make things move fast enough', 1547237878),
(4, 10, 2, 1, 'how to make things move fast enough', 1547237968),
(5, 10, 2, 1, 'this is just a test reply', 1547238048),
(6, 10, 2, 1, 'just another test view', 1547238118),
(7, 10, 2, 1, 'just another test comment again', 1547238146),
(8, 10, 2, 1, 'INSHA ALLAH', 1547238473),
(9, 10, 2, 1, 'how to make things move fast enough', 1547239404),
(10, 10, 2, 1, 'how to make things  move fast enough INSHA ALLAH', 1547239478),
(11, 10, 2, 1, 'how to make things move fast enough', 1547239547),
(12, 10, 2, 1, 'how to make things move fast enough', 1547240007),
(13, 10, 2, 1, 'Just another test reply to a comment', 1547240322),
(14, 10, 2, 1, 'how to make things move fast enough', 1547240467),
(15, 10, 2, 1, 'how to make things move fast enough', 1547240568),
(16, 10, 2, 1, 'how to make things move fast enough', 1547240615),
(17, 10, 2, 1, 'how to make things move fast enough', 1547240785),
(18, 10, 2, 1, 'People are scared of that isn\'t it', 1547240826),
(19, 10, 2, 1, 'yes', 1547240840),
(20, 10, 2, 1, 'how to make things move fast enough', 1547242663),
(21, 10, 2, 1, 'how to make things move fast enough', 1547460610),
(22, 10, 2, 1, 'how to make things move fast enough', 1547460960),
(23, 10, 2, 1, 'Just another test reply', 1547461014),
(24, 10, 2, 1, 'ho wto make things move fast enough INSHA ALLAH', 1547461295),
(25, 10, 2, 1, 'how to make things move fast enough', 1547461691),
(26, 10, 2, 1, 'how to make things move fast enough', 1547462218),
(27, 10, 2, 1, 'how to make things move forward', 1547462344),
(28, 10, 2, 1, 'how to make things move fast enough', 1547462924),
(29, 10, 2, 1, 'ho', 1547462929),
(30, 10, 2, 1, 'Things like them', 1547463202),
(31, 10, 2, 1, 'yes like it will show', 1547463257),
(32, 10, 2, 1, 'In ', 1547463342),
(33, 10, 2, 1, 'try ', 1547463425),
(34, 10, 2, 1, 'd', 1547463690),
(35, 10, 2, 1, 'ho w', 1547463770),
(36, 10, 2, 1, 'how to make things move fast enough', 1547463806),
(37, 10, 2, 1, 'f', 1547463855),
(38, 10, 2, 1, 'how to make things move fast enough', 1547463908),
(39, 10, 2, 1, ' Just another test reply INSHA ALLAH', 1547464065),
(40, 10, 2, 1, 'how to make things move fast enough INSHA ALLAH', 1547464267),
(41, 10, 2, 1, 'AL-HAMDULILLAH', 1547464507),
(42, 10, 2, 1, 'd', 1547464553),
(43, 10, 2, 1, 'j', 1547464623),
(44, 10, 2, 1, 'h', 1547464720),
(45, 10, 2, 1, 'how to make things move fast enough', 1547515635),
(46, 10, 2, 1, 'INSHA ALLAH let US see', 1547515775),
(47, 10, 2, 1, 'another one', 1547515824),
(48, 10, 2, 1, 'just Another test comment reply', 1547515872),
(49, 10, 2, 1, 'how to make things move fast enough', 1547515986),
(50, 10, 2, 1, 'how', 1547516100),
(51, 10, 2, 1, 'd', 1547516106),
(52, 10, 2, 1, 'how ', 1547516167),
(53, 10, 2, 1, '400', 1547516179),
(54, 10, 2, 1, 'yup', 1547516212),
(55, 10, 2, 1, 'how to make things move fast enough', 1547516389),
(56, 10, 2, 1, 'how to make things move fast enough', 1547516438),
(57, 10, 2, 1, 'how to make things move fast enough', 1547516463),
(58, 10, 2, 1, 'this is working fair enough', 1547516488),
(59, 10, 2, 1, 'done already INSHA ALLAH', 1547516522),
(60, 10, 2, 1, 'how to make things move fast enough INSHA ALLAH', 1547519640),
(61, 10, 110, 1, 'how to make things move', 1547536140),
(62, 10, 110, 1, 'AL-HAMDULILLAH', 1547536169),
(63, 10, 112, 1, 'hey', 1547536732),
(64, 10, 112, 1, 'hi', 1547536863),
(65, 10, 112, 1, 'yh', 1547536877),
(66, 10, 113, 1, 'how to make things move fast enough', 1547537413),
(67, 10, 113, 1, 'AL-HAMDULILLAH', 1547537438),
(68, 10, 114, 1, 'Yup lets go', 1547537543),
(69, 10, 115, 1, 'how to make things move fast enough', 1547537883),
(70, 10, 116, 1, 'How to make things move fast enough', 1547538190);

-- --------------------------------------------------------

--
-- Table structure for table `test`
--

DROP TABLE IF EXISTS `test`;
CREATE TABLE IF NOT EXISTS `test` (
  `id` int(11) NOT NULL AUTO_INCREMENT,
  `name` varchar(50) NOT NULL,
  `age` bigint(20) NOT NULL,
  `school` varchar(80) NOT NULL,
  PRIMARY KEY (`id`)
) ENGINE=MyISAM AUTO_INCREMENT=38 DEFAULT CHARSET=latin1;

--
-- Dumping data for table `test`
--

INSERT INTO `test` (`id`, `name`, `age`, `school`) VALUES
(1, 'Yussif', 23, 'coventry'),
(2, 'Other', 28, 'GTUC'),
(3, 'Ganiu', 24, 'Legon'),
(4, 'Wahab', 23, 'UDS'),
(5, 'Someone', 26, 'KNUSt'),
(6, 'Muniru', 23, 'Coventry'),
(7, 'Muniru', 23, 'Coventry'),
(8, 'Muniru', 23, 'Coventry'),
(9, 'Muniru', 23, 'Coventry'),
(10, 'Muniru', 23, 'Coventry'),
(11, 'Muniru', 23, 'Coventry'),
(12, 'Muniru', 23, 'Coventry'),
(13, 'Muniru', 23, 'Coventry'),
(14, 'Muniru', 23, 'Coventry'),
(15, 'Muniru', 23, 'Coventry'),
(16, 'Muniru', 23, 'Coventry'),
(17, 'Muniru', 23, ''),
(18, 'Muniru', 23, ' '),
(19, 'Muniru', 23, ' '),
(20, 'Muniru', 23, ' '),
(21, 'Muniru', 23, ' '),
(22, 'Muniru', 23, ' '),
(23, 'Muniru', 23, ' '),
(24, 'Muniru', 23, ' '),
(25, 'Muniru', 23, ' '),
(26, 'Muniru', 23, ' '),
(27, 'Muniru', 23, 'ISLAMIC UNIVERSITY'),
(28, 'Muniru', 23, 'Coventry'),
(29, 'Muniru', 23, 'Coventry');

-- --------------------------------------------------------

--
-- Table structure for table `throttle`
--

DROP TABLE IF EXISTS `throttle`;
CREATE TABLE IF NOT EXISTS `throttle` (
  `id` int(11) NOT NULL AUTO_INCREMENT,
  `email` varchar(60) NOT NULL,
  `failed_logins` int(3) NOT NULL,
  `ip` varchar(50) NOT NULL,
  `failure_time` bigint(20) NOT NULL,
  PRIMARY KEY (`id`)
) ENGINE=InnoDB AUTO_INCREMENT=10 DEFAULT CHARSET=latin1;

--
-- Dumping data for table `throttle`
--

INSERT INTO `throttle` (`id`, `email`, `failed_logins`, `ip`, `failure_time`) VALUES
(1, 'yussifmunirium@gmail.com', 1, '::1', 1544905169),
(2, 'yussifmunirium@gmail.com', 1, '::1', 1544906070),
(3, 'yussifmunirium@gmail.com', 1, '::1', 1544906446),
(4, 'yussifmunirium@gmail.com', 1, '::1', 1544906561),
(5, 'yussifmunirium@gmail.com', 1, '::1', 1544906617),
(6, 'yussifmunirium@gmail.com', 1, '::1', 1544906662),
(7, 'yussifmunirium@gmail.com', 1, '::1', 1544906690),
(8, 'yussifmunirium@gmail.com', 1, '::1', 1544906908),
(9, 'yussifmunirium@gmail.com', 1, '::1', 1544906978);

-- --------------------------------------------------------

--
-- Table structure for table `users`
--

DROP TABLE IF EXISTS `users`;
CREATE TABLE IF NOT EXISTS `users` (
  `id` int(11) NOT NULL AUTO_INCREMENT,
  `firstname` varchar(50) COLLATE latin1_bin NOT NULL,
  `lastname` varchar(50) COLLATE latin1_bin NOT NULL,
  `email` varchar(50) COLLATE latin1_bin NOT NULL,
  `password` varchar(300) COLLATE latin1_bin NOT NULL,
  `date` varchar(50) COLLATE latin1_bin NOT NULL,
  PRIMARY KEY (`id`)
) ENGINE=InnoDB AUTO_INCREMENT=4 DEFAULT CHARSET=latin1 COLLATE=latin1_bin;

--
-- Dumping data for table `users`
--

INSERT INTO `users` (`id`, `firstname`, `lastname`, `email`, `password`, `date`) VALUES
(1, 'Yussif', 'Muniru', 'yussifmunirium@gmail.com', '$argon2i$v=19$m=30,t=50,p=3$ZUJqdTZRQUN0NmZEQk1hMg$aCPsrdw5Bhm4XMnM3wQcqi0Ue31FyAAZYXM91pXQl1M', '1544898437'),
(2, 'Osman', 'Ganiu', 'osmanganiu@gmail.com', '$argon2i$v=19$m=30,t=50,p=3$UnczUkR6VjlzMnFqdEUzaw$XoGcap0t497t++XIZVfSAfqRgnJ4dVRA/VEi38Z4+H4', '1544898540'),
(3, 'Wahab', 'Yussif', 'wahabyussif@gmail.com', '$argon2i$v=19$m=30,t=50,p=3$NG5XQ0pNZkRRcVJLMEN2YQ$4NII8WoZ7Q9ITiL5EKJOVTUUvglWcZC7XN8aq4nNJn8', '1544898655');

-- --------------------------------------------------------

--
-- Table structure for table `views`
--

DROP TABLE IF EXISTS `views`;
CREATE TABLE IF NOT EXISTS `views` (
  `id` int(12) NOT NULL AUTO_INCREMENT,
  `post_id` int(12) NOT NULL,
  `commentor_id` int(15) NOT NULL,
  `comment` varchar(4000) NOT NULL DEFAULT '',
  `comment_time` varchar(13) NOT NULL DEFAULT '0',
  PRIMARY KEY (`id`)
) ENGINE=MyISAM AUTO_INCREMENT=117 DEFAULT CHARSET=latin1;

--
-- Dumping data for table `views`
--

INSERT INTO `views` (`id`, `post_id`, `commentor_id`, `comment`, `comment_time`) VALUES
(1, 10, 1, 'Another test INSHA ALLAH<br />\nNa\'aam', '1546983758'),
(2, 10, 1, 'Yet another comment INSHA ALLAH <br />\nYUP', '1546983989'),
(3, 10, 1, 'how is this happening<br />\nNow', '1546984134'),
(4, 10, 1, 'how to make things move fast enough for reproach<br />\nINSHA ALLAH just another test comment', '1546984500'),
(5, 10, 1, 'how to make things move fast enough to progress<br />\nin the clear INSHA ALLAH', '1546984796'),
(10, 10, 1, 'how to make this comment work as it should<br />\nINSHA ALLAH', '1546985791'),
(9, 10, 1, 'This is just a comment test after merge conflicts<br />\nALHAMDULILLAH', '1546985603'),
(11, 10, 1, 'why should this be happening<br />\nclearly in broad day light( ALLAHU AKBAR)', '1546985916'),
(12, 10, 1, 'how to make things move fast enough', '1546985973'),
(13, 10, 1, 'are you okay<br />\nthis is quite frustrating', '1546986009'),
(14, 10, 1, 'this is hmmm<br />\na test comment', '1546986045'),
(15, 10, 1, 'hwo to make things move forward<br />\nyes it is up to you', '1546986164'),
(16, 10, 1, 'how to mak ehtings move fast enough<br />\nINSHA ALLAH', '1546986210'),
(17, 10, 1, 'how to make things move fast enough', '1546986297'),
(18, 10, 1, 'how to make things move fast enough', '1546986386'),
(19, 10, 1, 'Post the comment test and see', '1546986564'),
(20, 10, 1, 'this should solve the problem INSHA ALLAH<br />\nright???', '1546986676'),
(21, 10, 1, 'how to make things move fast enough now', '1546986725'),
(24, 10, 1, 'INSHA ALLAH last test comment', '1546988845'),
(25, 10, 1, 'how to make things move fast enough', '1546988908'),
(27, 10, 1, 'How to make things move fast enough', '1547009198'),
(28, 10, 1, 'how to make things move fast enough', '1547009270'),
(29, 10, 1, 'how to make things move fast enough', '1547009515'),
(30, 10, 1, 'how to make things move fast enough', '1547009677'),
(31, 10, 1, 'how to make things move fast enough', '1547009753'),
(32, 10, 1, 'how to make things move fast enough', '1547010391'),
(33, 10, 1, 'How to make things move fast enough<br />\nINSHA ALLAH', '1547010505'),
(34, 10, 1, 'how to make things move fast enough', '1547011186'),
(35, 10, 1, 'how to make things move fast enough YUP<br />\nINSHA ALLAH', '1547011770'),
(36, 10, 1, 'how to make things move fast enough<br />\nINSHA ALLAH', '1547011821'),
(37, 10, 1, 'INSHA ALLAH how to make things move forward', '1547011846'),
(38, 10, 1, 'how to make things move forward<br />\nINSHA ALLAH', '1547012024'),
(42, 10, 1, 'Yet another test comment', '1547012446'),
(43, 10, 1, 'how to make things move fast enough yeah<br />\nhow are you', '1547012774'),
(44, 10, 1, 'how to make things move faster INSHA ALLAH<br />\nyes....', '1547014089'),
(45, 10, 1, 'let me see What will now', '1547014594'),
(46, 10, 1, 'how to make them see light INSHA ALLAH', '1547015226'),
(47, 10, 1, 'how to make this thing move fast enough INSHA ALLAH', '1547029071'),
(48, 10, 1, 'how to make things move fast enough yeah INSHA ALLAH<br />\nNa\'am', '1547029357'),
(49, 10, 1, 'how to make a comment', '1547033946'),
(50, 10, 1, 'how to make things move fast enough', '1547034698'),
(51, 10, 1, 'How to make things move fast enough<br />\nINSHA ALLAH', '1547113683'),
(52, 10, 1, 'how to make things move fast enough', '1547114190'),
(53, 10, 1, 'how to make things move fast enough', '1547114390'),
(58, 10, 1, 'how to make things move fast enough', '1547460524'),
(59, 10, 1, 'how to make things  move fast enough...', '1547516729'),
(60, 10, 1, 'AL-HAMDULILLAH ', '1547516762'),
(61, 10, 1, 'testing', '1547516871'),
(62, 10, 1, 'how to make things move fast enough', '1547521021'),
(63, 10, 1, 'how to make things move fast ', '1547521362'),
(64, 10, 1, 'In the name OF ALLAH the Benenficient THE Merciful', '1547521779'),
(65, 10, 1, 'how to make things move fast enough INSHA ALLAH', '1547521819'),
(66, 10, 1, 'What is happening ', '1547521834'),
(67, 10, 1, 'how to make things move fast enough', '1547521849'),
(68, 10, 1, 'How ', '1547522032'),
(69, 10, 1, 'hd', '1547522064'),
(70, 10, 1, 'Test view again', '1547522134'),
(71, 10, 1, 'Another test', '1547522191'),
(72, 10, 1, 'Again<br />\nHey', '1547522290'),
(73, 10, 1, 'Wow', '1547522298'),
(74, 10, 1, 'Yes', '1547522304'),
(75, 10, 1, 'how to make things move fast enough', '1547523160'),
(76, 10, 1, 'how to make things move forward', '1547523223'),
(77, 10, 1, 'how to make things move fast enough', '1547523276'),
(78, 10, 1, 'how to make things move fast', '1547523353'),
(79, 10, 1, 'how to make things move fast enough', '1547523414'),
(80, 10, 1, 'how to make things move fast enough', '1547523485'),
(81, 10, 1, 'how to make things move fast enough', '1547523502'),
(82, 10, 1, 'how to make things move fast enough', '1547523584'),
(83, 10, 1, 'how to make things move fast enough', '1547523628'),
(84, 10, 1, 'how to make things move fast enough', '1547523776'),
(85, 10, 1, 'how to make things move fast enough', '1547523976'),
(86, 10, 1, 'how to make things move fast enough', '1547524015'),
(87, 10, 1, 'how to make things move forward now', '1547524046'),
(88, 10, 1, 'how to make things move fast enough', '1547524484'),
(89, 10, 1, 'how to make things  move fast enough', '1547531668'),
(90, 10, 1, 'h', '1547531864'),
(91, 10, 1, 'how', '1547531945'),
(92, 10, 1, 'how to make things move forward', '1547531982'),
(93, 10, 1, 'how to make things move fast enough', '1547532062'),
(94, 10, 1, 'Yup', '1547532091'),
(95, 10, 1, 'hey', '1547532107'),
(96, 10, 1, 'how to make things move fast enough', '1547532192'),
(97, 10, 1, 'how to make things move fast enough', '1547532238'),
(98, 10, 1, 'how to make things move s', '1547532291'),
(99, 10, 1, 'j', '1547532318'),
(100, 10, 1, 'd', '1547532396'),
(101, 10, 1, 'd<br />\n', '1547532546'),
(102, 10, 1, 'how to make things move fast enough', '1547532576'),
(103, 10, 1, 'how to make things move fast enough', '1547533333'),
(104, 10, 1, 'how to make things move fast enough', '1547533420'),
(105, 10, 1, 'how to make things move forward', '1547533485'),
(106, 10, 1, 'how to make things move fast enough', '1547533557'),
(107, 10, 1, 'how to make things move fast enough', '1547535814'),
(108, 10, 1, 'how to make things move fast enough', '1547535866'),
(109, 10, 1, 'how to make things move fast ', '1547535938'),
(110, 10, 1, 'how to make things move fast enough', '1547536118'),
(111, 10, 1, 'INSHA ALLAH, Yes now!!!', '1547536220'),
(112, 10, 1, 'how to make things move fast enough', '1547536725'),
(113, 10, 1, 'how to make things move fast enough', '1547537401'),
(114, 10, 1, 'how to make things move fast enough', '1547537534'),
(115, 10, 1, 'how to make things move fast enough', '1547537871'),
(116, 10, 1, 'how to make things move fast enough', '1547538178');
COMMIT;

/*!40101 SET CHARACTER_SET_CLIENT=@OLD_CHARACTER_SET_CLIENT */;
/*!40101 SET CHARACTER_SET_RESULTS=@OLD_CHARACTER_SET_RESULTS */;
/*!40101 SET COLLATION_CONNECTION=@OLD_COLLATION_CONNECTION */;
